field_id,field_name,field_category,latitude,longitude,num_hotspots,mean_brightness,max_brightness,mean_bright_t31,max_bright_t31,mean_frp,max_frp,mean_confidence,min_distance_km,agricultural_fire,predicted_class,predicted_fire_type,agricultural_probability,non_agricultural_probability,confidence_score,confidence_percentage
1,complete_1,completely_burnt,31.17386929600005,75.63478381569604,3,341.20000000000005,345.17,307.92,308.01,3.713333333333333,4.95,0.0,0.5291640543691102,1,1,Agricultural Fire,0.8284499160207262,0.1715500839792737,0.8284499160207262,82.84
2,complete_2,completely_burnt,31.18855463950004,75.6294083926486,9,341.0955555555556,346.2,306.06,312.97,5.308888888888889,9.53,0.0,0.976575777767871,1,1,Agricultural Fire,0.7168974276043815,0.2831025723956183,0.7168974276043815,71.69
3,complete_3,completely_burnt,31.18239827350004,75.63640821692859,6,340.96333333333337,345.17,306.0,311.04,4.796666666666667,6.98,0.0,1.0086979203838322,1,1,Agricultural Fire,0.7479021381497233,0.25209786185027594,0.7479021381497233,74.79
4,complete_4,completely_burnt,31.183104232500057,75.63700940643744,6,340.96333333333337,345.17,306.0,311.04,4.796666666666667,6.98,0.0,1.105579810144329,1,1,Agricultural Fire,0.7553243873570363,0.24467561264296298,0.7553243873570363,75.53
5,complete_5,completely_burnt,31.18249581100005,75.63696717804152,6,340.96333333333337,345.17,306.0,311.04,4.796666666666667,6.98,0.0,1.0518990217584938,1,1,Agricultural Fire,0.7509622474393408,0.24903775256065847,0.7509622474393408,75.1
6,complete_6,completely_burnt,31.18251793000005,75.63765501633583,6,340.96333333333337,345.17,306.0,311.04,4.796666666666667,6.98,0.0,1.0986187879643148,1,1,Agricultural Fire,0.7553243873570363,0.24467561264296298,0.7553243873570363,75.53
7,complete_7,completely_burnt,31.181760492500047,75.63695159810311,6,340.96333333333337,345.17,306.0,311.04,4.796666666666667,6.98,0.0,0.991725668683986,1,1,Agricultural Fire,0.7479021381497233,0.25209786185027594,0.7479021381497233,74.79
8,complete_8,completely_burnt,31.181922435000047,75.63782667011361,5,340.39000000000004,345.17,304.992,308.01,4.532,6.98,0.0,1.0645008744986857,1,1,Agricultural Fire,0.5643162064973393,0.4356837935026601,0.5643162064973393,56.43
9,complete_9,completely_burnt,31.182383144000056,75.63815221194731,5,340.39000000000004,345.17,304.992,308.01,4.532,6.98,0.0,1.1220115398841843,1,1,Agricultural Fire,0.5643162064973393,0.4356837935026601,0.5643162064973393,56.43
10,complete_10,completely_burnt,31.173859430500045,75.63549997364439,4,338.89750000000004,345.17,306.615,308.01,3.4400000000000004,4.95,0.0,0.5940562487342378,1,1,Agricultural Fire,0.7437064470864895,0.2562935529135101,0.7437064470864895,74.37
11,complete_11,completely_burnt,31.18688488450005,75.64614711803837,5,340.87,345.42,306.43,317.56,6.969999999999999,9.81,0.0,1.330645257500101,1,1,Agricultural Fire,0.8212531603693716,0.17874683963062807,0.8212531603693716,82.13
12,complete_12,completely_burnt,31.186916688000053,75.64681828297756,5,340.87,345.42,306.43,317.56,6.969999999999999,9.81,0.0,1.2950980050062704,1,1,Agricultural Fire,0.8212531603693716,0.17874683963062807,0.8212531603693716,82.13
13,complete_13,completely_burnt,31.36898585300005,75.75614927649843,6,336.0566666666667,356.24,298.075,305.58,5.991666666666666,7.87,0.0,1.3066825497089911,1,1,Agricultural Fire,0.576326010620196,0.4236739893798031,0.576326010620196,57.63
14,complete_14,completely_burnt,31.189741052500068,75.63489389598014,8,341.69125,345.17,307.97125,317.56,5.043749999999999,6.98,0.0,0.9307186164121852,1,1,Agricultural Fire,0.7185496199909833,0.2814503800090163,0.7185496199909833,71.85
15,complete_15,completely_burnt,31.185291314500034,75.64206431507208,7,341.6114285714286,345.42,307.9985714285714,317.56,5.417142857142857,9.81,0.0,1.4719166214461552,1,1,Agricultural Fire,0.7605024042776447,0.2394975957223548,0.7605024042776447,76.05
16,complete_16,completely_burnt,31.186240561000066,75.63993404059482,6,340.9766666666667,345.17,307.08666666666664,317.56,4.685,6.98,0.0,1.3186381439814123,1,1,Agricultural Fire,0.7716300715388151,0.2283699284611844,0.7716300715388151,77.16
17,complete_17,completely_burnt,31.18304904150005,75.63626094318519,6,340.96333333333337,345.17,306.0,311.04,4.796666666666667,6.98,0.0,1.056386247025601,1,1,Agricultural Fire,0.7509622474393408,0.24903775256065847,0.7509622474393408,75.1
18,complete_18,completely_burnt,31.173026725000028,75.63620731475005,4,338.89750000000004,345.17,306.615,308.01,3.4400000000000004,4.95,0.0,0.6896123092239266,1,1,Agricultural Fire,0.7693426258848743,0.23065737411512524,0.7693426258848743,76.93
19,complete_19,completely_burnt,31.173897279000045,75.63785991855784,4,338.89750000000004,345.17,306.615,308.01,3.4400000000000004,4.95,0.0,0.8099373304074449,1,1,Agricultural Fire,0.7765810058873722,0.22341899411262725,0.7765810058873722,77.66
20,complete_20,completely_burnt,31.173716255000045,75.63621617230751,4,338.89750000000004,345.17,306.615,308.01,3.4400000000000004,4.95,0.0,0.6638357515508466,1,1,Agricultural Fire,0.7693426258848743,0.23065737411512524,0.7693426258848743,76.93
21,complete_21,completely_burnt,31.16716282600004,75.636737741204,5,338.62600000000003,345.17,307.236,309.72,3.2620000000000005,4.95,0.0,1.1501978797631307,1,1,Agricultural Fire,0.7473071970593653,0.2526928029406345,0.7473071970593653,74.73
22,complete_22,completely_burnt,31.19488961250008,75.64758151873687,5,337.56800000000004,343.91,306.11,317.56,4.022,6.98,0.0,0.6133680118065986,1,1,Agricultural Fire,0.8239489803890455,0.1760510196109543,0.8239489803890455,82.39
23,complete_23,completely_burnt,31.18527579050007,75.64252336961727,6,341.92333333333335,345.42,307.99666666666667,317.56,5.778333333333333,9.81,0.0,1.48762365268722,1,1,Agricultural Fire,0.8531776446764789,0.14682235532352067,0.8531776446764789,85.32
24,complete_24,completely_burnt,31.173264186500063,75.63804359689436,4,338.89750000000004,345.17,306.615,308.01,3.4400000000000004,4.95,0.0,0.8447915266307897,1,1,Agricultural Fire,0.7671292184935884,0.23287078150641108,0.7671292184935884,76.71
25,complete_25,completely_burnt,31.190694810000053,75.65025903968717,7,337.98,345.42,306.96714285714285,317.56,4.562857142857142,9.81,0.0,0.7723785968885617,1,1,Agricultural Fire,0.8033980296337687,0.1966019703662311,0.8033980296337687,80.34
26,complete_26,completely_burnt,31.190749514000032,75.63346864161399,7,341.3742857142857,345.17,306.6014285714286,311.04,4.985714285714287,6.98,0.0,0.8323281079430691,1,1,Agricultural Fire,0.8110040583539911,0.1889959416460085,0.8110040583539911,81.1
27,complete_27,completely_burnt,31.19018437500005,75.63416100361172,8,341.69125,345.17,307.97125,317.56,5.043749999999999,6.98,0.0,0.8854280928080862,1,1,Agricultural Fire,0.7442231292000697,0.25577687079992983,0.7442231292000697,74.42
28,complete_28,completely_burnt,31.16673863700004,75.63620820768648,5,338.62600000000003,345.17,307.236,309.72,3.2620000000000005,4.95,0.0,1.160197728454568,1,1,Agricultural Fire,0.7473071970593653,0.2526928029406345,0.7473071970593653,74.73
29,complete_29,completely_burnt,31.31260640400004,75.81128653319468,4,347.42,367.0,304.26750000000004,307.07,7.782500000000001,11.17,0.0,1.0528156324526503,1,1,Agricultural Fire,0.5234750685153678,0.47652493148463215,0.5234750685153678,52.35
30,complete_30,completely_burnt,31.318445250500048,75.815599176394,2,349.665,367.0,302.895,307.07,5.93,8.1,0.0,1.7217757402213356,1,1,Agricultural Fire,0.7941869678612624,0.20581303213873745,0.7941869678612624,79.42
31,complete_31,completely_burnt,31.43012419200005,75.52377929088777,22,338.99499999999995,367.0,303.89318181818186,312.19,4.422727272727273,11.31,0.0,0.5529905979290437,1,1,Agricultural Fire,0.5949806883558916,0.4050193116441077,0.5949806883558916,59.5
32,complete_32,completely_burnt,31.429932289500044,75.52747215899383,20,339.39700000000005,367.0,304.0005,312.19,4.416500000000001,11.31,0.0,0.5982438414448353,1,1,Agricultural Fire,0.6005131279175019,0.3994868720824975,0.6005131279175019,60.05
33,complete_33,completely_burnt,31.429943611000056,75.53150312683036,21,339.70809523809527,367.0,304.18,312.19,4.746190476190477,11.34,0.0,0.2687495718982668,1,1,Agricultural Fire,0.5943389257527252,0.405661074247274,0.5943389257527252,59.43
34,complete_34,completely_burnt,31.43058499550005,75.52386000841642,22,338.99499999999995,367.0,303.89318181818186,312.19,4.422727272727273,11.31,0.0,0.5579061984004142,1,1,Agricultural Fire,0.57763427145492,0.4223657285450795,0.57763427145492,57.76
35,complete_35,completely_burnt,31.43056413450006,75.52785814909979,21,339.1004761904762,367.0,304.0104761904762,312.19,4.450952380952381,11.31,0.0,0.6207577332260877,1,1,Agricultural Fire,0.5967570585767619,0.40324294142323736,0.5967570585767619,59.68
36,complete_36,completely_burnt,31.431558149500034,75.52797926064412,22,339.4109090909091,367.0,304.18136363636364,312.19,4.76409090909091,11.34,0.0,0.6364601563572784,1,1,Agricultural Fire,0.607278479647055,0.39272152035294433,0.607278479647055,60.73
37,complete_37,completely_burnt,31.429724724000067,75.53098627357568,21,339.70809523809527,367.0,304.18,312.19,4.746190476190477,11.34,0.0,0.3163290869796485,1,1,Agricultural Fire,0.6016705391116357,0.3983294608883634,0.6016705391116357,60.17
38,complete_38,completely_burnt,31.42292041500005,75.5221692414095,16,339.895625,367.0,304.10875,312.19,4.7025,11.31,0.0,0.3499670155548706,1,1,Agricultural Fire,0.6520450366039323,0.34795496339606696,0.6520450366039323,65.2
39,complete_39,completely_burnt,31.42117646500003,75.51811603694358,16,340.85125000000005,367.0,304.485,312.19,5.015625,11.31,0.0,0.2082207542367418,1,1,Agricultural Fire,0.5458834649562158,0.454116535043784,0.5458834649562158,54.59
40,complete_40,completely_burnt,31.419733892500066,75.52143248125884,15,340.3433333333333,367.0,304.2013333333333,312.19,4.8580000000000005,11.31,0.0,0.1522365274654869,1,1,Agricultural Fire,0.5223988301782108,0.47760116982178924,0.5223988301782108,52.24
41,complete_41,completely_burnt,31.428685692500068,75.55444531723697,10,336.842,340.22,305.43999999999994,309.29,3.228,4.32,0.0,0.2983238825789237,1,1,Agricultural Fire,0.7146156532796094,0.2853843467203904,0.7146156532796094,71.46
42,complete_42,completely_burnt,31.31262497900005,75.81923002686459,1,367.0,367.0,307.07,307.07,8.1,8.1,0.0,1.7828651777477085,1,1,Agricultural Fire,0.807428168541149,0.19257183145885068,0.807428168541149,80.74
43,complete_43,completely_burnt,31.200111215500044,75.63739694587017,8,341.64375,346.24,306.24125,317.56,5.57625,6.98,0.0,0.2483490602393999,1,1,Agricultural Fire,0.8435047694255386,0.15649523057446113,0.8435047694255386,84.35
44,complete_44,completely_burnt,31.20000584950006,75.63844346600855,7,341.3314285714286,346.24,305.55571428571426,317.56,5.498571428571428,6.98,0.0,0.2610040280445203,1,1,Agricultural Fire,0.8223347933589676,0.17766520664103205,0.8223347933589676,82.23
45,complete_45,completely_burnt,31.199478656000053,75.63705579433181,8,341.64375,346.24,306.24125,317.56,5.57625,6.98,0.0,0.1790369762016387,1,1,Agricultural Fire,0.8344688239634811,0.16553117603651868,0.8344688239634811,83.45
46,complete_46,completely_burnt,31.184492969000047,75.64186261481208,7,341.6114285714286,345.42,307.9985714285714,317.56,5.417142857142857,9.81,0.0,1.5415592483493572,1,1,Agricultural Fire,0.7605024042776447,0.2394975957223548,0.7605024042776447,76.05
47,complete_47,completely_burnt,31.173258777000058,75.63702411833114,4,338.89750000000004,345.17,306.615,308.01,3.4400000000000004,4.95,0.0,0.7527462839784548,1,1,Agricultural Fire,0.7815744532783147,0.21842554672168493,0.7815744532783147,78.16
48,complete_48,completely_burnt,31.17387242600006,75.63875007788468,5,338.452,345.17,305.276,308.01,4.3660000000000005,8.07,0.0,0.8933401801234424,1,1,Agricultural Fire,0.8033394604926507,0.19666053950734905,0.8033394604926507,80.33
49,complete_49,completely_burnt,31.17440103200005,75.63680411660354,4,338.89750000000004,345.17,306.615,308.01,3.4400000000000004,4.95,0.0,0.7004883025113541,1,1,Agricultural Fire,0.773643587571457,0.22635641242854268,0.773643587571457,77.36
50,complete_50,completely_burnt,31.17347374250005,75.63416645473731,4,342.45000000000005,346.2,309.1825,312.97,5.1675,9.53,0.0,0.4926087112455902,1,1,Agricultural Fire,0.707556429486525,0.29244357051347436,0.707556429486525,70.76
51,complete_51,completely_burnt,31.18689006250005,75.64539068703894,5,341.274,345.42,308.002,317.56,5.944000000000001,9.81,0.0,1.3694070351980374,1,1,Agricultural Fire,0.844497591611253,0.15550240838874654,0.844497591611253,84.45
52,complete_52,completely_burnt,31.18761080400006,75.64049087425084,4,340.2375,343.91,306.635,317.56,4.9775,6.98,0.0,1.182021550678244,1,1,Agricultural Fire,0.7064980701706506,0.2935019298293488,0.7064980701706506,70.65
53,complete_53,completely_burnt,31.18740186500005,75.64118224311724,4,340.2375,343.91,306.635,317.56,4.9775,6.98,0.0,1.2228116615164324,1,1,Agricultural Fire,0.7095581794602681,0.29044182053973133,0.7095581794602681,70.96
54,complete_54,completely_burnt,31.18483126700005,75.64173584329242,7,341.6114285714286,345.42,307.9985714285714,317.56,5.417142857142857,9.81,0.0,1.5115911356934868,1,1,Agricultural Fire,0.7605024042776447,0.2394975957223548,0.7605024042776447,76.05
55,complete_55,completely_burnt,31.187723108000057,75.64538875915474,4,341.92,345.42,308.0575,317.56,6.695,9.81,0.0,1.2940759837189202,1,1,Agricultural Fire,0.7382221617257437,0.2617778382742557,0.7382221617257437,73.82
56,complete_56,completely_burnt,31.30758506750007,75.82043586555767,4,347.9325,367.0,307.2625,317.39,5.835000000000001,8.1,0.0,1.6594307819055132,1,1,Agricultural Fire,0.725424881071206,0.27457511892879344,0.725424881071206,72.54
57,complete_57,completely_burnt,31.30652753350006,75.81844571883079,3,349.06333333333333,367.0,303.8866666666666,316.5,5.936666666666667,8.1,0.0,1.6376546101133291,1,1,Agricultural Fire,0.7565873896839729,0.24341261031602685,0.7565873896839729,75.66
58,complete_58,completely_burnt,31.37602432050005,75.76139891962697,2,333.91,335.34,295.88,298.4,3.415,4.2,0.0,1.181018898194545,1,1,Agricultural Fire,0.7031821816721137,0.29681781832788584,0.7031821816721137,70.32
59,complete_59,completely_burnt,31.375412731500035,75.76137041436293,2,333.91,335.34,295.88,298.4,3.415,4.2,0.0,1.2052261410940173,1,1,Agricultural Fire,0.7031821816721137,0.29681781832788584,0.7031821816721137,70.32
60,complete_60,completely_burnt,31.375805285500064,75.76138287328698,2,333.91,335.34,295.88,298.4,3.415,4.2,0.0,1.1887862600134391,1,1,Agricultural Fire,0.7031821816721137,0.29681781832788584,0.7031821816721137,70.32
61,complete_61,completely_burnt,31.367533617500044,75.75623309000228,8,336.86125000000004,356.24,298.35875000000004,305.58,5.44,7.87,0.0,1.2165638398660252,1,0,Non-Agricultural Fire,0.4763416481344647,0.5236583518655358,0.5236583518655358,52.37
62,complete_62,completely_burnt,31.302547385000054,75.84844759901726,8,337.8275,344.54,305.96375,317.39,4.005,5.53,0.0,0.4013510178122678,1,1,Agricultural Fire,0.7639334565182012,0.23606654348179834,0.7639334565182012,76.39
63,complete_63,completely_burnt,31.30283722100006,75.84857784475678,8,337.8275,344.54,305.96375,317.39,4.005,5.53,0.0,0.3927639343957189,1,1,Agricultural Fire,0.7639334565182012,0.23606654348179834,0.7639334565182012,76.39
64,complete_64,completely_burnt,31.302237233000056,75.84909906874589,8,337.8275,344.54,305.96375,317.39,4.005,5.53,0.0,0.4715153820977349,1,1,Agricultural Fire,0.7714797135470707,0.228520286452929,0.7714797135470707,77.15
65,complete_65,completely_burnt,31.304548491000048,75.83276250104811,5,340.04200000000003,344.54,309.824,317.39,4.096,5.53,0.0,0.4817565269709889,1,1,Agricultural Fire,0.7976419591233908,0.202358040876609,0.7976419591233908,79.76
66,complete_66,completely_burnt,31.30373134950005,75.82943259732393,6,339.44166666666666,344.54,306.20166666666665,317.39,4.11,5.53,0.0,0.705771998821528,1,1,Agricultural Fire,0.8135979533326745,0.18640204666732532,0.8135979533326745,81.36
67,complete_67,completely_burnt,31.31336077450004,75.8126156138096,3,348.4266666666667,367.0,303.7133333333333,307.07,6.653333333333333,8.1,0.0,1.2003127168623278,1,1,Agricultural Fire,0.7753328791935419,0.22466712080645793,0.7753328791935419,77.53
68,complete_68,completely_burnt,31.31336542550005,75.81181157853698,4,347.42,367.0,304.26750000000004,307.07,7.782500000000001,11.17,0.0,1.1295973327910251,1,1,Agricultural Fire,0.5174807545755612,0.48251924542443886,0.5174807545755612,51.75
69,complete_69,completely_burnt,31.314291060500068,75.81854078570905,1,367.0,367.0,307.07,307.07,8.1,8.1,0.0,1.7658535618243327,1,1,Agricultural Fire,0.807428168541149,0.19257183145885068,0.807428168541149,80.74
70,complete_70,completely_burnt,31.314748569000045,75.81846672540036,1,367.0,367.0,307.07,307.07,8.1,8.1,0.0,1.7753114362864033,1,1,Agricultural Fire,0.807428168541149,0.19257183145885068,0.807428168541149,80.74
71,complete_71,completely_burnt,31.307456904500043,75.8210748600824,5,346.492,367.0,308.59399999999994,317.39,5.264,8.1,0.0,1.59820433861363,1,1,Agricultural Fire,0.6410586491140936,0.3589413508859058,0.6410586491140936,64.11
72,complete_72,completely_burnt,31.187324940000053,75.64538579675005,4,341.92,345.42,308.0575,317.56,6.695,9.81,0.0,1.330023763166805,1,1,Agricultural Fire,0.7382221617257437,0.2617778382742557,0.7382221617257437,73.82
73,partial_1,partially_burnt,31.372142930500075,75.76105466442552,4,332.3075,335.34,294.67,298.4,4.805,7.72,0.0,1.3730545020340843,1,1,Agricultural Fire,0.5393925170848846,0.46060748291511494,0.5393925170848846,53.94
74,partial_2,partially_burnt,31.37285498050005,75.76105927145295,3,332.81,335.34,294.7666666666667,298.4,4.8500000000000005,7.72,0.0,1.3248986442545858,1,1,Agricultural Fire,0.7097959981366087,0.2902040018633909,0.7097959981366087,70.98
75,partial_3,partially_burnt,31.37294391550006,75.75968817413053,3,332.81,335.34,294.7666666666667,298.4,4.8500000000000005,7.72,0.0,1.2162708521043104,1,1,Agricultural Fire,0.7092481881724871,0.2907518118275123,0.7092481881724871,70.92
76,partial_4,partially_burnt,31.373260609000056,75.76039928824108,3,332.81,335.34,294.7666666666667,298.4,4.8500000000000005,7.72,0.0,1.2477014794901793,1,1,Agricultural Fire,0.7097959981366087,0.2902040018633909,0.7097959981366087,70.98
77,partial_5,partially_burnt,31.37574944800005,75.75377179278249,3,332.8966666666667,335.6,298.84,305.58,6.596666666666667,7.87,0.0,0.596759005585629,1,1,Agricultural Fire,0.8039752371823905,0.19602476281760914,0.8039752371823905,80.4
78,partial_6,partially_burnt,31.19997506200008,75.63917010316696,6,340.91333333333336,346.24,304.78000000000003,317.56,5.3950000000000005,6.98,0.0,0.2942602935658683,1,1,Agricultural Fire,0.5909488631086693,0.4090511368913298,0.5909488631086693,59.09
79,partial_7,partially_burnt,31.20035197750008,75.63916662189186,6,340.91333333333336,346.24,304.78000000000003,317.56,5.3950000000000005,6.98,0.0,0.3282587812673043,1,1,Agricultural Fire,0.5951873159085364,0.40481268409146287,0.5951873159085364,59.52
80,partial_8,partially_burnt,31.199551311500045,75.6391791968249,6,340.5133333333333,343.91,306.2783333333333,317.56,5.276666666666666,6.98,0.0,0.2591669788521233,1,1,Agricultural Fire,0.7574794445755926,0.24252055542440693,0.7574794445755926,75.75
81,partial_9,partially_burnt,31.196746712500044,75.62857693300006,7,339.57714285714286,343.84,303.78714285714284,313.57,5.097142857142858,6.98,0.0,0.6349951394667296,1,1,Agricultural Fire,0.647646579692048,0.3523534203079517,0.647646579692048,64.76
82,partial_10,partially_burnt,31.19761180150008,75.62754395922111,7,339.57714285714286,343.84,303.78714285714284,313.57,5.097142857142858,6.98,0.0,0.7170262652683955,1,1,Agricultural Fire,0.6480171803901235,0.3519828196098764,0.6480171803901235,64.8
83,partial_11,partially_burnt,31.196849674500044,75.62723537952493,7,339.57714285714286,343.84,303.78714285714284,313.57,5.097142857142858,6.98,0.0,0.7573160391662719,1,1,Agricultural Fire,0.6539990323880324,0.34600096761196747,0.6539990323880324,65.4
84,partial_12,partially_burnt,31.19661679850006,75.62797451272388,7,339.57714285714286,343.84,303.78714285714284,313.57,5.097142857142858,6.98,0.0,0.6940866250876787,1,1,Agricultural Fire,0.6480171803901235,0.3519828196098764,0.6480171803901235,64.8
85,partial_13,partially_burnt,31.196167050500065,75.62739590560207,7,339.57714285714286,343.84,303.78714285714284,313.57,5.097142857142858,6.98,0.0,0.7603118845119555,1,1,Agricultural Fire,0.6539990323880324,0.34600096761196747,0.6539990323880324,65.4
86,partial_14,partially_burnt,31.21143592350004,75.63405727443046,6,340.46333333333337,346.24,303.81166666666667,313.57,5.241666666666666,6.98,0.0,0.3470967914518686,1,1,Agricultural Fire,0.6736449302000866,0.32635506979991274,0.6736449302000866,67.36
87,partial_15,partially_burnt,31.211428592500056,75.63486490847347,6,340.46333333333337,346.24,303.81166666666667,313.57,5.241666666666666,6.98,0.0,0.2705473550868257,1,1,Agricultural Fire,0.6654081973746424,0.334591802625357,0.6654081973746424,66.54
88,partial_16,partially_burnt,31.19893406550005,75.63775499732071,7,340.9871428571428,343.91,306.9585714285714,317.56,5.397142857142858,6.98,0.0,0.1256126647568493,1,1,Agricultural Fire,0.6986663688621674,0.30133363113783235,0.6986663688621674,69.87
89,partial_17,partially_burnt,31.19903042850004,75.63844069173123,6,340.5133333333333,343.91,306.2783333333333,317.56,5.276666666666666,6.98,0.0,0.1689723171056851,1,1,Agricultural Fire,0.7515036084031526,0.24849639159684694,0.7515036084031526,75.15
90,partial_18,partially_burnt,31.200087692500063,75.58935225189725,13,335.7653846153846,344.91,302.73769230769227,314.71,4.247692307692308,9.97,0.0,0.3297010941007594,1,1,Agricultural Fire,0.7675902259002937,0.232409774099706,0.7675902259002937,76.76
91,partial_19,partially_burnt,31.200811504000058,75.5889843139865,13,335.7653846153846,344.91,302.73769230769227,314.71,4.247692307692308,9.97,0.0,0.2904147604436415,1,1,Agricultural Fire,0.7611144993641576,0.23888550063584205,0.7611144993641576,76.11
92,partial_20,partially_burnt,31.200695829500063,75.58967151118577,13,335.7653846153846,344.91,302.73769230769227,314.71,4.247692307692308,9.97,0.0,0.3550379596106157,1,1,Agricultural Fire,0.7642568925669604,0.23574310743303936,0.7642568925669604,76.43
93,partial_21,partially_burnt,31.20016960000004,75.58842127204761,13,335.7653846153846,344.91,302.73769230769227,314.71,4.247692307692308,9.97,0.0,0.2410253704210677,1,1,Agricultural Fire,0.7530862504760215,0.24691374952397818,0.7530862504760215,75.31
94,partial_22,partially_burnt,31.176959432000046,75.63443946175238,4,342.45000000000005,346.2,309.1825,312.97,5.1675,9.53,0.0,0.4933960816973728,1,1,Agricultural Fire,0.707556429486525,0.29244357051347436,0.707556429486525,70.76
95,partial_23,partially_burnt,31.175498806000064,75.63428576425007,4,342.45000000000005,346.2,309.1825,312.97,5.1675,9.53,0.0,0.4505503045380502,1,1,Agricultural Fire,0.707556429486525,0.29244357051347436,0.707556429486525,70.76
96,partial_24,partially_burnt,31.171196460500056,75.63847274701871,5,338.452,345.17,305.276,308.01,4.3660000000000005,8.07,0.0,0.973397076543008,1,1,Agricultural Fire,0.7455154647872789,0.2544845352127207,0.7455154647872789,74.55
97,partial_25,partially_burnt,31.17043774000004,75.6388331923942,5,338.452,345.17,305.276,308.01,4.3660000000000005,8.07,0.0,1.0461317478399312,1,1,Agricultural Fire,0.7462710473279253,0.2537289526720744,0.7462710473279253,74.63
98,partial_26,partially_burnt,31.16680118000005,75.6318036764096,4,340.285,345.17,308.37,309.72,3.4225000000000003,4.95,0.0,0.9745495173920417,1,1,Agricultural Fire,0.6942678892818066,0.3057321107181929,0.6942678892818066,69.43
99,partial_27,partially_burnt,31.16571706150004,75.63179406347223,4,340.285,345.17,308.37,309.72,3.4225000000000003,4.95,0.0,1.0780643958037452,1,1,Agricultural Fire,0.6944799513627898,0.30552004863720955,0.6944799513627898,69.45
100,partial_28,partially_burnt,31.16529751400006,75.63404785473688,4,340.285,345.17,308.37,309.72,3.4225000000000003,4.95,0.0,1.210411983410149,1,1,Agricultural Fire,0.6967844781117609,0.3032155218882384,0.6967844781117609,69.68
101,partial_29,partially_burnt,31.186562234000064,75.63297644954153,8,341.9775,346.2,307.39750000000004,312.97,5.553749999999999,9.53,0.0,1.2746708139374885,1,1,Agricultural Fire,0.7697212175771795,0.23027878242282024,0.7697212175771795,76.97
102,partial_30,partially_burnt,31.19312480750005,75.65447975732238,7,337.98,345.42,306.96714285714285,317.56,4.562857142857142,9.81,0.0,0.4471899228869707,1,1,Agricultural Fire,0.773289898293385,0.22671010170661465,0.773289898293385,77.33
103,partial_31,partially_burnt,31.198424059000047,75.65745069154536,5,336.61800000000005,343.91,306.878,317.56,3.03,5.45,0.0,0.4043430064788081,1,1,Agricultural Fire,0.7582181778943444,0.24178182210565533,0.7582181778943444,75.82
104,partial_32,partially_burnt,31.195311192500043,75.64778411550004,5,337.56800000000004,343.91,306.11,317.56,4.022,6.98,0.0,0.5782980061506965,1,1,Agricultural Fire,0.8229201738046834,0.17707982619531643,0.8229201738046834,82.29
105,partial_33,partially_burnt,31.174913053500035,75.64412010646765,7,338.97,345.42,305.72142857142853,313.47,5.53,9.81,0.0,1.2597168730326085,1,1,Agricultural Fire,0.7894503917172203,0.21054960828277935,0.7894503917172203,78.95
106,partial_34,partially_burnt,31.186238807500047,75.63913900896986,7,341.38428571428574,345.17,307.65142857142854,317.56,4.890000000000001,6.98,0.0,1.306463732799404,1,1,Agricultural Fire,0.7397085699900053,0.26029143000999405,0.7397085699900053,73.97
107,partial_35,partially_burnt,31.18310656750004,75.6380465513339,6,340.96333333333337,345.17,306.0,311.04,4.796666666666667,6.98,0.0,1.1715446587208294,1,1,Agricultural Fire,0.7553243873570363,0.24467561264296298,0.7553243873570363,75.53
108,partial_36,partially_burnt,31.17606269400005,75.6343564335788,4,342.45000000000005,346.2,309.1825,312.97,5.1675,9.53,0.0,0.4618349348902252,1,1,Agricultural Fire,0.707556429486525,0.29244357051347436,0.707556429486525,70.76
109,partial_37,partially_burnt,31.17280046700006,75.63686617837098,4,338.89750000000004,345.17,306.615,308.01,3.4400000000000004,4.95,0.0,0.7571373038569983,1,1,Agricultural Fire,0.7772123133606192,0.2227876866393804,0.7772123133606192,77.72
110,partial_38,partially_burnt,31.166800644000062,75.63216099379046,4,340.285,345.17,308.37,309.72,3.4225000000000003,4.95,0.0,0.993116213391121,1,1,Agricultural Fire,0.6870577021554768,0.3129422978445225,0.6870577021554768,68.71
111,partial_39,partially_burnt,31.187501679000064,75.64613321789834,4,341.92,345.42,308.0575,317.56,6.695,9.81,0.0,1.2735679945178775,1,1,Agricultural Fire,0.7382221617257437,0.2617778382742557,0.7382221617257437,73.82
112,partial_40,partially_burnt,31.192295460000054,75.65391603788534,7,337.98,345.42,306.96714285714285,317.56,4.562857142857142,9.81,0.0,0.5311985366223358,1,1,Agricultural Fire,0.7707732288407375,0.22922677115926224,0.7707732288407375,77.08
113,partial_41,partially_burnt,31.17500196700007,75.62343653740012,5,342.726,346.2,309.554,312.97,5.358,9.53,0.0,0.1430355241775608,1,1,Agricultural Fire,0.71258370665807,0.2874162933419296,0.71258370665807,71.26
114,partial_42,partially_burnt,31.167304334500045,75.63166703050005,4,340.285,345.17,308.37,309.72,3.4225000000000003,4.95,0.0,0.9204595884727084,1,1,Agricultural Fire,0.7459403145217817,0.25405968547821794,0.7459403145217817,74.59
115,partial_43,partially_burnt,31.168106100000045,75.63168925120507,4,340.285,345.17,308.37,309.72,3.4225000000000003,4.95,0.0,0.8448232269966348,1,1,Agricultural Fire,0.7711142845047984,0.22888571549520131,0.7711142845047984,77.11
116,partial_44,partially_burnt,31.16626368850004,75.63236679598168,4,340.285,345.17,308.37,309.72,3.4225000000000003,4.95,0.0,1.0537533811359423,1,1,Agricultural Fire,0.6901178114450943,0.309882188554905,0.6901178114450943,69.01
117,partial_45,partially_burnt,31.165717412500044,75.63239077727798,4,340.285,345.17,308.37,309.72,3.4225000000000003,4.95,0.0,1.1064286335068694,1,1,Agricultural Fire,0.6944799513627898,0.30552004863720955,0.6944799513627898,69.45
118,partial_46,partially_burnt,31.165213471000044,75.63250703571666,4,340.285,345.17,308.37,309.72,3.4225000000000003,4.95,0.0,1.1602242216319454,1,1,Agricultural Fire,0.6944799513627898,0.30552004863720955,0.6944799513627898,69.45
119,partial_47,partially_burnt,31.174982755500054,75.64456089800458,7,338.97,345.42,305.72142857142853,313.47,5.53,9.81,0.0,1.2290941293556297,1,1,Agricultural Fire,0.7894503917172203,0.21054960828277935,0.7894503917172203,78.95
120,partial_48,partially_burnt,31.175573207500065,75.64549549953537,7,338.97,345.42,305.72142857142853,313.47,5.53,9.81,0.0,1.197235747017124,1,1,Agricultural Fire,0.7863902824276029,0.21360971757239683,0.7863902824276029,78.64
121,partial_49,partially_burnt,31.19062917100004,75.63559115876511,6,341.43666666666667,343.91,307.965,317.56,5.358333333333333,6.98,0.0,0.8221026025672842,1,1,Agricultural Fire,0.8029784989000426,0.19702150109995695,0.8029784989000426,80.3
122,partial_50,partially_burnt,31.30645303600005,75.83896517889303,7,337.86571428571426,344.54,306.79285714285714,317.39,3.768571428571428,5.53,0.0,0.1307325678875224,1,1,Agricultural Fire,0.7104516893441426,0.2895483106558573,0.7104516893441426,71.05
123,partial_51,partially_burnt,31.307531432000047,75.83895649800004,6,338.56,344.54,307.8433333333333,317.39,3.671666666666667,5.53,0.0,0.2404240075154232,1,1,Agricultural Fire,0.7682628854586573,0.2317371145413424,0.7682628854586573,76.83
124,partial_52,partially_burnt,31.30376506750005,75.82878149315752,6,339.44166666666666,344.54,306.20166666666665,317.39,4.11,5.53,0.0,0.7653034378816591,1,1,Agricultural Fire,0.8267996522390682,0.17320034776093154,0.8267996522390682,82.68
125,partial_53,partially_burnt,31.30312000950005,75.82983322850816,6,339.44166666666666,344.54,306.20166666666665,317.39,4.11,5.53,0.0,0.6484704732220385,1,1,Agricultural Fire,0.803509915341628,0.19649008465837184,0.803509915341628,80.35
126,partial_54,partially_burnt,31.305865925500058,75.8337592553338,5,340.04200000000003,344.54,309.824,317.39,4.096,5.53,0.0,0.5435058051766217,1,1,Agricultural Fire,0.7940997773518135,0.20590022264818636,0.7940997773518135,79.41
127,partial_55,partially_burnt,31.307599510000045,75.83311751544541,6,338.56,344.54,307.8433333333333,317.39,3.671666666666667,5.53,0.0,0.6704740465136855,1,1,Agricultural Fire,0.8118657989855413,0.18813420101445835,0.8118657989855413,81.19
128,partial_56,partially_burnt,31.306733392500064,75.821175153701,6,345.2583333333334,367.0,307.2433333333333,317.39,4.948333333333333,8.1,0.0,1.5578986489465765,1,1,Agricultural Fire,0.6185212354604516,0.3814787645395476,0.6185212354604516,61.85
129,partial_57,partially_burnt,31.313410163000043,75.81544093754826,3,348.4266666666667,367.0,303.7133333333333,307.07,6.653333333333333,8.1,0.0,1.4555428397648906,1,1,Agricultural Fire,0.7939696703343508,0.20603032966564883,0.7939696703343508,79.4
130,partial_58,partially_burnt,31.31341138700006,75.81423238457991,3,348.4266666666667,367.0,303.7133333333333,307.07,6.653333333333333,8.1,0.0,1.346542941082979,1,1,Agricultural Fire,0.7783929884831593,0.22160701151684042,0.7783929884831593,77.84
131,partial_59,partially_burnt,31.307464610000068,75.81431744469106,4,345.43,367.0,299.8075,307.07,6.035,8.1,0.0,1.300605381412528,1,0,Non-Agricultural Fire,0.439580992465851,0.5604190075341497,0.5604190075341497,56.04
132,partial_60,partially_burnt,31.367665260500047,75.75658660936153,8,336.86125000000004,356.24,298.35875000000004,305.58,5.44,7.87,0.0,1.252638014267885,1,0,Non-Agricultural Fire,0.4789104554739143,0.5210895445260862,0.5210895445260862,52.11
133,partial_61,partially_burnt,31.36760897700006,75.75697460153529,6,336.0566666666667,356.24,298.075,305.58,5.991666666666666,7.87,0.0,1.2802441813194751,1,1,Agricultural Fire,0.576326010620196,0.4236739893798031,0.576326010620196,57.63
134,partial_62,partially_burnt,31.36661957800004,75.75757013874343,8,336.86125000000004,356.24,298.35875000000004,305.58,5.44,7.87,0.0,1.2755184342254302,1,0,Non-Agricultural Fire,0.4789104554739143,0.5210895445260862,0.5210895445260862,52.11
135,partial_63,partially_burnt,31.364705907500053,75.75226579126274,10,337.41400000000004,356.24,298.81100000000004,305.58,5.004,7.87,0.0,0.7307914516803987,1,1,Agricultural Fire,0.6378785906659251,0.362121409334074,0.6378785906659251,63.79
136,partial_64,partially_burnt,31.37771187750008,75.75709859832159,2,333.51,334.54,299.465,300.53,5.025,5.85,0.0,0.7327780471269583,1,1,Agricultural Fire,0.8317314503751996,0.16826854962479995,0.8317314503751996,83.17
137,partial_65,partially_burnt,31.37782735700005,75.75592309986605,3,334.20666666666665,335.6,301.50333333333333,305.58,5.973333333333334,7.87,0.0,0.6238945982302184,1,1,Agricultural Fire,0.8058283257880592,0.19417167421194048,0.8058283257880592,80.58
138,partial_66,partially_burnt,31.31823299700005,75.82157264038624,1,331.15,331.15,297.94,297.94,1.55,1.55,0.0,1.611818266656923,1,1,Agricultural Fire,0.620263463632037,0.37973653636796245,0.620263463632037,62.03
139,partial_67,partially_burnt,31.31859660750007,75.82246471810997,1,331.15,331.15,297.94,297.94,1.55,1.55,0.0,1.5179404687437594,1,1,Agricultural Fire,0.6476477094090074,0.352352290590992,0.6476477094090074,64.76
140,partial_68,partially_burnt,31.316921277500057,75.82249594769675,1,331.15,331.15,297.94,297.94,1.55,1.55,0.0,1.6015317662522108,1,1,Agricultural Fire,0.620263463632037,0.37973653636796245,0.620263463632037,62.03
141,partial_69,partially_burnt,31.317695740500028,75.82329914145447,1,331.15,331.15,297.94,297.94,1.55,1.55,0.0,1.4924454077968554,1,1,Agricultural Fire,0.6542777602822777,0.3457222397177216,0.6542777602822777,65.43
142,partial_70,partially_burnt,31.31682715100004,75.82195712629144,1,331.15,331.15,297.94,297.94,1.55,1.55,0.0,1.651007541652502,1,1,Agricultural Fire,0.620263463632037,0.37973653636796245,0.620263463632037,62.03
143,partial_71,partially_burnt,31.31641628050005,75.82263874721818,1,331.15,331.15,297.94,297.94,1.55,1.55,0.0,1.619372796464721,1,1,Agricultural Fire,0.620263463632037,0.37973653636796245,0.620263463632037,62.03
144,partial_72,partially_burnt,31.317057146000053,75.82362577999339,2,337.845,344.54,307.665,317.39,3.54,5.53,0.0,1.5020288890999416,1,1,Agricultural Fire,0.8318682013674501,0.16813179863254943,0.8318682013674501,83.19
145,partial_73,partially_burnt,31.31981334300005,75.81639393273701,2,349.665,367.0,302.895,307.07,5.93,8.1,0.0,1.873184919708165,1,1,Agricultural Fire,0.7941869678612624,0.20581303213873745,0.7941869678612624,79.42
146,partial_74,partially_burnt,31.319363803500067,75.81534059796357,2,349.665,367.0,302.895,307.07,5.93,8.1,0.0,1.7636520620017158,1,1,Agricultural Fire,0.7941869678612624,0.20581303213873745,0.7941869678612624,79.42
147,partial_75,partially_burnt,31.306399670000047,75.83375610028341,5,340.04200000000003,344.54,309.824,317.39,4.096,5.53,0.0,0.5759562432377824,1,1,Agricultural Fire,0.7831702536094066,0.2168297463905931,0.7831702536094066,78.32
148,partial_76,partially_burnt,31.30693617450004,75.83376300436011,6,338.56,344.54,307.8433333333333,317.39,3.671666666666667,5.53,0.0,0.5889598944640171,1,1,Agricultural Fire,0.7720490227805581,0.22795097721944155,0.7720490227805581,77.2
149,partial_77,partially_burnt,31.30752983900004,75.83264637584364,6,338.56,344.54,307.8433333333333,317.39,3.671666666666667,5.53,0.0,0.7099888881026226,1,1,Agricultural Fire,0.8161667606721241,0.18383323932787576,0.8161667606721241,81.62
150,partial_78,partially_burnt,31.30746115300008,75.8337581999094,6,338.56,344.54,307.8433333333333,317.39,3.671666666666667,5.53,0.0,0.6081367714193239,1,1,Agricultural Fire,0.7683195596448185,0.23168044035518118,0.7683195596448185,76.83
151,partial_79,partially_burnt,31.376966949000064,75.7557630094602,3,332.8966666666667,335.6,298.84,305.58,6.596666666666667,7.87,0.0,0.6525238801019705,1,1,Agricultural Fire,0.8053044645425104,0.19469553545748922,0.8053044645425104,80.53
152,partial_80,partially_burnt,31.28855349600005,75.48350211998422,0,0.0,0.0,0.0,0.0,0.0,0.0,0.0,2.0,1,0,Non-Agricultural Fire,0.3858206706362336,0.6141793293637673,0.6141793293637673,61.42
153,partial_81,partially_burnt,31.284640774000053,75.48102837359856,0,0.0,0.0,0.0,0.0,0.0,0.0,0.0,2.0,1,0,Non-Agricultural Fire,0.3858206706362336,0.6141793293637673,0.6141793293637673,61.42
154,partial_82,partially_burnt,31.431958993500047,75.51810486676708,16,338.46750000000003,367.0,304.59125,312.19,4.6525,11.31,0.0,0.1493598856867695,1,1,Agricultural Fire,0.5238081343196523,0.4761918656803477,0.5238081343196523,52.38
155,partial_83,partially_burnt,31.432276724000047,75.51988433039797,17,338.34705882352944,367.0,304.4052941176471,312.19,4.518235294117647,11.31,0.0,0.2580351911774831,1,1,Agricultural Fire,0.569317063375017,0.4306829366249825,0.569317063375017,56.93
156,partial_84,partially_burnt,31.43040336300004,75.51872255492245,18,339.69944444444445,367.0,304.3516666666667,312.19,4.871111111111111,11.31,0.0,0.07445771858475,1,1,Agricultural Fire,0.520992949687363,0.47900705031263696,0.520992949687363,52.1
157,partial_85,partially_burnt,31.42988851100006,75.52091187383152,18,339.69944444444445,367.0,304.3516666666667,312.19,4.871111111111111,11.31,0.0,0.289823567548614,1,1,Agricultural Fire,0.5801776836877975,0.4198223163122019,0.5801776836877975,58.02
158,partial_86,partially_burnt,31.429622722500056,75.52090124877006,18,339.69944444444445,367.0,304.3516666666667,312.19,4.871111111111111,11.31,0.0,0.2985285657835616,1,1,Agricultural Fire,0.5841759637133748,0.4158240362866246,0.5841759637133748,58.42
159,partial_87,partially_burnt,31.430980877000053,75.52175634448105,20,339.212,367.0,304.23850000000004,312.19,4.571,11.31,0.0,0.3605372115497549,1,1,Agricultural Fire,0.5830319354149818,0.4169680645850176,0.5830319354149818,58.3
160,partial_88,partially_burnt,31.42984679250005,75.52234065087956,20,339.059,367.0,304.2125,312.19,4.575999999999999,11.31,0.0,0.4225770460391034,1,1,Agricultural Fire,0.589873726349834,0.4101262736501654,0.589873726349834,58.99
161,partial_89,partially_burnt,31.43061226450004,75.53013601905732,21,339.70809523809527,367.0,304.18,312.19,4.746190476190477,11.34,0.0,0.4100083283295296,1,1,Agricultural Fire,0.5970873936597194,0.4029126063402797,0.5970873936597194,59.71
162,partial_90,partially_burnt,31.427430060000034,75.53218985656929,19,339.8421052631579,367.0,304.37789473684205,312.19,4.517368421052632,11.31,0.0,0.2370626825033245,1,1,Agricultural Fire,0.5679801649792952,0.43201983502070446,0.5679801649792952,56.8
163,partial_91,partially_burnt,31.42686344200004,75.52938164826102,17,340.0141176470588,367.0,304.49529411764706,312.19,4.594117647058823,11.31,0.0,0.219735609192723,1,1,Agricultural Fire,0.5695512941961286,0.430448705803871,0.5695512941961286,56.96
164,partial_92,partially_burnt,31.426402913500056,75.52484036074873,18,339.5183333333333,367.0,303.91111111111115,312.19,4.524444444444445,11.31,0.0,0.6001283058716087,1,1,Agricultural Fire,0.5718734503102655,0.42812654968973407,0.5718734503102655,57.19
165,partial_93,partially_burnt,31.426074476500048,75.52483413481515,17,340.02,367.0,304.01235294117646,312.19,4.528823529411765,11.31,0.0,0.5958338363440475,1,1,Agricultural Fire,0.5780655180060186,0.421934481993981,0.5780655180060186,57.81
166,partial_94,partially_burnt,31.42211655250003,75.53219626781012,16,340.201875,367.0,303.704375,312.11,4.91125,12.44,0.0,0.1832976090650411,1,1,Agricultural Fire,0.6091910902821419,0.3908089097178574,0.6091910902821419,60.92
167,partial_95,partially_burnt,31.431832064000048,75.51896192455851,17,338.34705882352944,367.0,304.4052941176471,312.19,4.518235294117647,11.31,0.0,0.1638411476181994,1,1,Agricultural Fire,0.5167356418759499,0.48326435812405016,0.5167356418759499,51.67
168,partial_96,partially_burnt,31.43074235700007,75.5181325867639,17,339.39176470588234,367.0,304.50117647058823,312.19,4.8888235294117655,11.31,0.0,0.0198671280033093,1,1,Agricultural Fire,0.52523140248723,0.47476859751277006,0.52523140248723,52.52
169,partial_97,partially_burnt,31.43017056450006,75.52169526833477,18,339.69944444444445,367.0,304.3516666666667,312.19,4.871111111111111,11.31,0.0,0.3560286945015412,1,1,Agricultural Fire,0.5836906775886755,0.41630932241132373,0.5836906775886755,58.37
170,partial_98,partially_burnt,31.430116922000053,75.52303004395287,21,338.9333333333333,367.0,304.08000000000004,312.19,4.47095238095238,11.31,0.0,0.4824015401075756,1,1,Agricultural Fire,0.6303352517844165,0.36966474821558276,0.6303352517844165,63.03
171,partial_99,partially_burnt,31.429697326000024,75.5230292721769,20,339.059,367.0,304.2125,312.19,4.575999999999999,11.31,0.0,0.4899376799524186,1,1,Agricultural Fire,0.5884254071273654,0.4115745928726341,0.5884254071273654,58.84
172,partial_100,partially_burnt,31.429114658500023,75.52302312150059,19,339.36894736842106,367.0,304.21263157894737,312.19,4.546315789473684,11.31,0.0,0.506925684812925,1,1,Agricultural Fire,0.5847536504435396,0.41524634955645995,0.5847536504435396,58.48
173,partial_101,partially_burnt,31.43111141100005,75.53010566682349,21,339.70809523809527,367.0,304.18,312.19,4.746190476190477,11.34,0.0,0.4299592379709202,1,1,Agricultural Fire,0.6041501901287926,0.3958498098712067,0.6041501901287926,60.42
174,partial_102,partially_burnt,31.431614992500045,75.52962021310069,22,339.4109090909091,367.0,304.18136363636364,312.19,4.76409090909091,11.34,0.0,0.4946271116084009,1,1,Agricultural Fire,0.6027018709063238,0.39729812909367546,0.6027018709063238,60.27
175,partial_103,partially_burnt,31.42659066300004,75.52886095091475,17,340.0141176470588,367.0,304.49529411764706,312.19,4.594117647058823,11.31,0.0,0.2418798306000003,1,1,Agricultural Fire,0.5728846275294619,0.4271153724705377,0.5728846275294619,57.29
176,partial_104,partially_burnt,31.428453876500043,75.51177197326669,12,338.55,367.0,304.36833333333334,312.19,4.595833333333333,11.31,0.0,0.4797645362559707,1,1,Agricultural Fire,0.585092073794032,0.4149079262059675,0.585092073794032,58.51
177,partial_105,partially_burnt,31.428455914500063,75.51246655342288,13,339.75230769230774,367.0,304.2676923076923,312.19,4.909230769230769,11.31,0.0,0.4488502798730456,1,1,Agricultural Fire,0.5881815427408198,0.41181845725917954,0.5881815427408198,58.82
178,partial_106,partially_burnt,31.424739181000035,75.5141386999134,15,340.78666666666663,367.0,304.4413333333333,312.19,5.006666666666666,11.31,0.0,0.7409043699360107,1,1,Agricultural Fire,0.5788723321198221,0.4211276678801773,0.5788723321198221,57.89
179,partial_107,partially_burnt,31.427910245500044,75.51296844214559,13,339.75230769230774,367.0,304.2676923076923,312.19,4.909230769230769,11.31,0.0,0.4895472702185424,1,1,Agricultural Fire,0.586273145794255,0.41372685420574445,0.586273145794255,58.63
180,partial_108,partially_burnt,31.430483447000057,75.56207976612669,6,338.31166666666667,340.22,306.36833333333334,309.29,3.426666666666667,4.32,0.0,0.742315871738393,1,1,Agricultural Fire,0.7989199104762273,0.20108008952377246,0.7989199104762273,79.89
181,partial_109,partially_burnt,31.43057472200005,75.56305819182278,7,338.11571428571426,340.22,306.4785714285714,309.29,3.181428571428572,4.32,0.0,0.6851704173795153,1,1,Agricultural Fire,0.7625633115176411,0.23743668848235866,0.7625633115176411,76.26
182,partial_110,partially_burnt,31.43053000750004,75.56382722371309,7,338.11571428571426,340.22,306.4785714285714,309.29,3.181428571428572,4.32,0.0,0.6357211999730643,1,1,Agricultural Fire,0.7538746808090321,0.24612531919096767,0.7538746808090321,75.39
183,partial_111,partially_burnt,31.43042520550003,75.56465069352788,7,338.11571428571426,340.22,306.4785714285714,309.29,3.181428571428572,4.32,0.0,0.5828204846269952,1,1,Agricultural Fire,0.7172438472801256,0.28275615271987425,0.7172438472801256,71.72
184,partial_112,partially_burnt,31.43092495600007,75.56380710208396,7,338.11571428571426,340.22,306.4785714285714,309.29,3.181428571428572,4.32,0.0,0.6727054357388049,1,1,Agricultural Fire,0.7619662838624671,0.23803371613753252,0.7619662838624671,76.2
185,partial_113,partially_burnt,31.30662584800004,75.85068551779767,6,338.985,344.54,308.2683333333333,317.39,4.138333333333334,5.53,0.0,0.5688880971838788,1,1,Agricultural Fire,0.7652778995501557,0.2347221004498439,0.7652778995501557,76.53
186,partial_114,partially_burnt,31.30660466300006,75.84977585650117,6,338.985,344.54,308.2683333333333,317.39,4.138333333333334,5.53,0.0,0.4884394276660798,1,1,Agricultural Fire,0.7820653766640198,0.21793462333597988,0.7820653766640198,78.21
187,partial_115,partially_burnt,31.30672429650005,75.84903203208961,6,338.985,344.54,308.2683333333333,317.39,4.138333333333334,5.53,0.0,0.4319136972442384,1,1,Agricultural Fire,0.7778524529684837,0.2221475470315159,0.7778524529684837,77.79
188,partial_116,partially_burnt,31.30693836350005,75.8474424242311,6,338.985,344.54,308.2683333333333,317.39,4.138333333333334,5.53,0.0,0.3282919043169012,1,1,Agricultural Fire,0.7745191196351503,0.22548088036484926,0.7745191196351503,77.45
189,partial_117,partially_burnt,31.30621836950008,75.84643410431332,6,338.985,344.54,308.2683333333333,317.39,4.138333333333334,5.53,0.0,0.2052364896730408,1,1,Agricultural Fire,0.7579161618314345,0.24208383816856507,0.7579161618314345,75.79
190,partial_118,partially_burnt,31.30544658650004,75.84617870933059,6,338.985,344.54,308.2683333333333,317.39,4.138333333333334,5.53,0.0,0.127034387072697,1,1,Agricultural Fire,0.7187328257121203,0.28126717428787923,0.7187328257121203,71.87
191,partial_119,partially_burnt,31.30515644850007,75.84690009701983,7,337.9414285714286,344.54,306.9185714285714,317.39,4.111428571428572,5.53,0.0,0.1756912166534734,1,1,Agricultural Fire,0.7447616913750359,0.2552383086249638,0.7447616913750359,74.48
192,partial_120,partially_burnt,31.30474614550008,75.8468713240722,7,337.9414285714286,344.54,306.9185714285714,317.39,4.111428571428572,5.53,0.0,0.1673446690043769,1,1,Agricultural Fire,0.7447616913750359,0.2552383086249638,0.7447616913750359,74.48
193,partial_121,partially_burnt,31.30241573050006,75.84565805164453,7,337.9414285714286,344.54,306.9185714285714,317.39,4.111428571428572,5.53,0.0,0.2658204444446359,1,1,Agricultural Fire,0.756461249686641,0.24353875031335875,0.756461249686641,75.65
194,partial_122,partially_burnt,31.302827145000062,75.84481648049848,7,337.9414285714286,344.54,306.9185714285714,317.39,4.111428571428572,5.53,0.0,0.2167252787376643,1,1,Agricultural Fire,0.7474041942141426,0.25259580578585705,0.7474041942141426,74.74
195,partial_123,partially_burnt,31.30354592000006,75.8450369276074,7,337.9414285714286,344.54,306.9185714285714,317.39,4.111428571428572,5.53,0.0,0.1351779269357608,1,1,Agricultural Fire,0.7055783552557218,0.294421644744278,0.7055783552557218,70.56
196,partial_124,partially_burnt,31.302418894000056,75.84637036205669,8,337.8275,344.54,305.96375,317.39,4.005,5.53,0.0,0.2865392453827484,1,1,Agricultural Fire,0.7590300570260903,0.24096994297390922,0.7590300570260903,75.9
197,partial_125,partially_burnt,31.30266748700004,75.84779392411039,8,337.8275,344.54,305.96375,317.39,4.005,5.53,0.0,0.3451959269333684,1,1,Agricultural Fire,0.7639334565182012,0.23606654348179834,0.7639334565182012,76.39
198,partial_126,partially_burnt,31.30129646050005,75.8478187559397,8,337.8275,344.54,305.96375,317.39,4.005,5.53,0.0,0.4632008340682206,1,1,Agricultural Fire,0.7714797135470707,0.228520286452929,0.7714797135470707,77.15
199,partial_127,partially_burnt,31.301280358500065,75.84850908333556,8,337.8275,344.54,305.96375,317.39,4.005,5.53,0.0,0.5039813441726589,1,1,Agricultural Fire,0.7714797135470707,0.228520286452929,0.7714797135470707,77.15
200,partial_128,partially_burnt,31.304772253000067,75.8400347475062,6,338.985,344.54,308.2683333333333,317.39,4.138333333333334,5.53,0.0,0.0831490564817949,1,1,Agricultural Fire,0.7187328257121203,0.28126717428787923,0.7187328257121203,71.87
201,partial_129,partially_burnt,31.30429706650005,75.83949291892506,6,338.985,344.54,308.2683333333333,317.39,4.138333333333334,5.53,0.0,0.1321965655236503,1,1,Agricultural Fire,0.7187328257121203,0.28126717428787923,0.7187328257121203,71.87
202,partial_130,partially_burnt,31.30437215200004,75.83895558958251,6,338.985,344.54,308.2683333333333,317.39,4.138333333333334,5.53,0.0,0.1420442850920293,1,1,Agricultural Fire,0.7187328257121203,0.28126717428787923,0.7187328257121203,71.87
203,partial_131,partially_burnt,31.30397701000004,75.83243443916624,5,340.04200000000003,344.54,309.824,317.39,4.096,5.53,0.0,0.4647429029640866,1,1,Agricultural Fire,0.7976419591233908,0.202358040876609,0.7976419591233908,79.76
204,partial_132,partially_burnt,31.304329095500066,75.83163698141144,5,340.04200000000003,344.54,309.824,317.39,4.096,5.53,0.0,0.5492309553589965,1,1,Agricultural Fire,0.7940997773518135,0.20590022264818636,0.7940997773518135,79.41
205,partial_133,partially_burnt,31.304133293000064,75.8302185565616,6,339.44166666666666,344.54,306.20166666666665,317.39,4.11,5.53,0.0,0.654755462013101,1,1,Agricultural Fire,0.803509915341628,0.19649008465837184,0.803509915341628,80.35
206,partial_134,partially_burnt,31.30429574200005,75.82955432956105,6,339.44166666666666,344.54,306.20166666666665,317.39,4.11,5.53,0.0,0.719440915988973,1,1,Agricultural Fire,0.8254704248789482,0.1745295751210515,0.8254704248789482,82.55
207,partial_135,partially_burnt,31.30358619900005,75.83009899112652,6,339.44166666666666,344.54,306.20166666666665,317.39,4.11,5.53,0.0,0.640827532588833,1,1,Agricultural Fire,0.803509915341628,0.19649008465837184,0.803509915341628,80.35
208,partial_136,partially_burnt,31.30932586000005,75.82052202068431,4,347.9325,367.0,307.2625,317.39,5.835000000000001,8.1,0.0,1.7398359885086845,1,1,Agricultural Fire,0.7287582144045394,0.2712417855954601,0.7287582144045394,72.88
209,partial_137,partially_burnt,31.30818628700004,75.81902771224361,4,347.9325,367.0,307.2625,317.39,5.835000000000001,8.1,0.0,1.7347125177850056,1,1,Agricultural Fire,0.7287582144045394,0.2712417855954601,0.7287582144045394,72.88
210,partial_138,partially_burnt,31.311016936500067,75.81913099569618,2,355.375,367.0,311.785,316.5,6.815,8.1,0.0,1.7471041067972823,1,1,Agricultural Fire,0.816235573389953,0.1837644266100465,0.816235573389953,81.62
211,partial_139,partially_burnt,31.31120486800004,75.81983728541826,3,351.7633333333333,367.0,313.65333333333336,317.39,6.386666666666667,8.1,0.0,1.815987514814232,1,1,Agricultural Fire,0.8107005304960712,0.18929946950392842,0.8107005304960712,81.07
212,partial_140,partially_burnt,31.31205063800008,75.81986938876302,2,355.375,367.0,311.785,316.5,6.815,8.1,0.0,1.8313748132305012,1,1,Agricultural Fire,0.816235573389953,0.1837644266100465,0.816235573389953,81.62
213,partial_141,partially_burnt,31.31110104000004,75.82138138037422,3,351.7633333333333,367.0,313.65333333333336,317.39,6.386666666666667,8.1,0.0,1.7800334664783954,1,1,Agricultural Fire,0.8107005304960712,0.18929946950392842,0.8107005304960712,81.07
214,partial_142,partially_burnt,31.311555667500045,75.82046595474375,3,351.7633333333333,367.0,313.65333333333336,317.39,6.386666666666667,8.1,0.0,1.8797940022701,1,1,Agricultural Fire,0.8107005304960712,0.18929946950392842,0.8107005304960712,81.07
215,partial_143,partially_burnt,31.31265309850005,75.81851453555936,1,367.0,367.0,307.07,307.07,8.1,8.1,0.0,1.7169158806059128,1,1,Agricultural Fire,0.807428168541149,0.19257183145885068,0.807428168541149,80.74
216,partial_144,partially_burnt,31.31209418050005,75.81849825953128,1,367.0,367.0,307.07,307.07,8.1,8.1,0.0,1.7036701018765776,1,1,Agricultural Fire,0.807428168541149,0.19257183145885068,0.807428168541149,80.74
217,partial_145,partially_burnt,31.311521682000063,75.81775811615819,1,367.0,367.0,307.07,307.07,8.1,8.1,0.0,1.6242874008171315,1,1,Agricultural Fire,0.8040948352078157,0.195905164792184,0.8040948352078157,80.41
218,partial_146,partially_burnt,31.310435096500044,75.81162757049674,4,347.42,367.0,304.26750000000004,307.07,7.782500000000001,11.17,0.0,1.0313829769790266,1,1,Agricultural Fire,0.5234750685153678,0.47652493148463215,0.5234750685153678,52.35
219,partial_147,partially_burnt,31.310425366500056,75.81217432344849,3,348.4266666666667,367.0,303.7133333333333,307.07,6.653333333333333,8.1,0.0,1.0829502426728443,1,1,Agricultural Fire,0.7770938854828501,0.2229061145171497,0.7770938854828501,77.71
220,partial_148,partially_burnt,31.31050296850006,75.81269959630049,3,348.4266666666667,367.0,303.7133333333333,307.07,6.653333333333333,8.1,0.0,1.133463263173715,1,1,Agricultural Fire,0.7753328791935419,0.22466712080645793,0.7753328791935419,77.53
221,partial_149,partially_burnt,31.310082035500045,75.8121740423023,3,348.4266666666667,367.0,303.7133333333333,307.07,6.653333333333333,8.1,0.0,1.0798491511010824,1,1,Agricultural Fire,0.7770938854828501,0.2229061145171497,0.7770938854828501,77.71
222,partial_150,partially_burnt,31.310419530000047,75.81009873963671,4,347.42,367.0,304.26750000000004,307.07,7.782500000000001,11.17,0.0,0.8868512347229871,1,1,Agricultural Fire,0.5543648728852356,0.445635127114764,0.5543648728852356,55.44
223,partial_151,partially_burnt,31.311417268500065,75.80932849974718,4,347.42,367.0,304.26750000000004,307.07,7.782500000000001,11.17,0.0,0.8358964531276866,1,1,Agricultural Fire,0.567845089591646,0.4321549104083533,0.567845089591646,56.78
224,partial_152,partially_burnt,31.31205628300006,75.80961379786316,4,347.42,367.0,304.26750000000004,307.07,7.782500000000001,11.17,0.0,0.8826308707221958,1,1,Agricultural Fire,0.5510315395519023,0.44896846044809735,0.5510315395519023,55.1
225,partial_153,partially_burnt,31.31289010100005,75.80967412495886,4,347.42,367.0,304.26750000000004,307.07,7.782500000000001,11.17,0.0,0.9222537729255524,1,1,Agricultural Fire,0.5546995449066546,0.44530045509334504,0.5546995449066546,55.47
226,partial_154,partially_burnt,31.31625954000006,75.81204946225276,3,348.4266666666667,367.0,303.7133333333333,307.07,6.653333333333333,8.1,0.0,1.3061265587039663,1,1,Agricultural Fire,0.7783929884831593,0.22160701151684042,0.7783929884831593,77.84
227,partial_155,partially_burnt,31.31566284500005,75.81245154177915,3,348.4266666666667,367.0,303.7133333333333,307.07,6.653333333333333,8.1,0.0,1.3011825291269867,1,1,Agricultural Fire,0.7783929884831593,0.22160701151684042,0.7783929884831593,77.84
228,partial_156,partially_burnt,31.31709271800005,75.81461874520642,3,348.4266666666667,367.0,303.7133333333333,307.07,6.653333333333333,8.1,0.0,1.5602206261325426,1,1,Agricultural Fire,0.7955419973783762,0.20445800262162364,0.7955419973783762,79.55
229,partial_157,partially_burnt,31.31710258000004,75.8151601822384,2,349.665,367.0,302.895,307.07,5.93,8.1,0.0,1.604227274705284,1,1,Agricultural Fire,0.790853634527929,0.20914636547207077,0.790853634527929,79.09
230,partial_158,partially_burnt,31.31716695950007,75.81589490847244,2,349.665,367.0,302.895,307.07,5.93,8.1,0.0,1.6675294227893105,1,1,Agricultural Fire,0.790853634527929,0.20914636547207077,0.790853634527929,79.09
231,partial_159,partially_burnt,31.31781492600004,75.81486708453755,2,349.665,367.0,302.895,307.07,5.93,8.1,0.0,1.62456825073547,1,1,Agricultural Fire,0.790853634527929,0.20914636547207077,0.790853634527929,79.09
232,partial_160,partially_burnt,31.309939098500053,75.8153546928915,4,345.43,367.0,299.8075,307.07,6.035,8.1,0.0,1.3808560719339142,1,0,Non-Agricultural Fire,0.4509727287126866,0.5490272712873141,0.5490272712873141,54.9
233,partial_161,partially_burnt,31.309419895000048,75.81775058799082,3,349.06333333333333,367.0,303.8866666666666,316.5,5.936666666666667,8.1,0.0,1.6074987255392308,1,1,Agricultural Fire,0.7565873896839729,0.24341261031602685,0.7565873896839729,75.66
234,partial_162,partially_burnt,31.306677911000065,75.8176334225395,3,349.06333333333333,367.0,303.8866666666666,316.5,5.936666666666667,8.1,0.0,1.6262910719434631,1,1,Agricultural Fire,0.7565873896839729,0.24341261031602685,0.7565873896839729,75.66
235,partial_163,partially_burnt,31.307701949500057,75.81767347377908,3,349.06333333333333,367.0,303.8866666666666,316.5,5.936666666666667,8.1,0.0,1.6122094819813355,1,1,Agricultural Fire,0.7565873896839729,0.24341261031602685,0.7565873896839729,75.66
236,partial_164,partially_burnt,31.308328033000063,75.81770623335139,3,349.06333333333333,367.0,303.8866666666666,316.5,5.936666666666667,8.1,0.0,1.608305200064733,1,1,Agricultural Fire,0.7565873896839729,0.24341261031602685,0.7565873896839729,75.66
237,partial_165,partially_burnt,31.30598687050008,75.81528424911605,3,349.7966666666667,367.0,300.17,307.07,6.793333333333333,8.1,0.0,1.426780928070447,1,1,Agricultural Fire,0.7731081149015885,0.2268918850984112,0.7731081149015885,77.31
238,partial_166,partially_burnt,31.36990465200006,75.76111177938554,4,332.3075,335.34,294.67,298.4,4.805,7.72,0.0,1.5459126422711973,1,1,Agricultural Fire,0.553958192649972,0.44604180735002746,0.553958192649972,55.4
239,partial_167,partially_burnt,31.36990923200005,75.7618314058987,4,332.3075,335.34,294.67,298.4,4.805,7.72,0.0,1.5936505962740732,1,1,Agricultural Fire,0.5458654363368645,0.4541345636631351,0.5458654363368645,54.59
240,partial_168,partially_burnt,31.36991125350005,75.76252865055372,4,332.3075,335.34,294.67,298.4,4.805,7.72,0.0,1.641474924149091,1,1,Agricultural Fire,0.5458654363368645,0.4541345636631351,0.5458654363368645,54.59
241,partial_169,partially_burnt,31.37046555100005,75.76110088542134,4,332.3075,335.34,294.67,298.4,4.805,7.72,0.0,1.5008199242821654,1,1,Agricultural Fire,0.5526219297218262,0.44737807027817333,0.5526219297218262,55.26
242,partial_170,partially_burnt,31.370467676500056,75.76181816761945,4,332.3075,335.34,294.67,298.4,4.805,7.72,0.0,1.5499437831650935,1,1,Agricultural Fire,0.553958192649972,0.44604180735002746,0.553958192649972,55.4
243,partial_171,partially_burnt,31.37034743350005,75.76269875738359,4,332.3075,335.34,294.67,298.4,4.805,7.72,0.0,1.6210861488969803,1,1,Agricultural Fire,0.5458654363368645,0.4541345636631351,0.5458654363368645,54.59
244,partial_172,partially_burnt,31.370946692000047,75.7612942630071,4,332.3075,335.34,294.67,298.4,4.805,7.72,0.0,1.4772722935986022,1,1,Agricultural Fire,0.5526219297218262,0.44737807027817333,0.5526219297218262,55.26
245,partial_173,partially_burnt,31.37177100200006,75.76154011572314,4,332.3075,335.34,294.67,298.4,4.805,7.72,0.0,1.4349068220695191,1,1,Agricultural Fire,0.5436507363061884,0.45634926369381124,0.5436507363061884,54.37
246,partial_174,partially_burnt,31.37252723250004,75.76154190722127,3,332.81,335.34,294.7666666666667,298.4,4.8500000000000005,7.72,0.0,1.3834085116100558,1,1,Agricultural Fire,0.723515301697914,0.2764846983020855,0.723515301697914,72.35
247,partial_175,partially_burnt,31.37361990900004,75.76136048369617,2,333.91,335.34,295.88,298.4,3.415,4.2,0.0,1.3002070482800714,1,1,Agricultural Fire,0.7171606445113323,0.2828393554886671,0.7171606445113323,71.72
248,partial_176,partially_burnt,31.37534047350005,75.7591598134361,2,333.91,335.34,295.88,298.4,3.415,4.2,0.0,1.0222123468327755,1,1,Agricultural Fire,0.6998886619986703,0.30011133800132916,0.6998886619986703,69.99
249,partial_177,partially_burnt,31.314525676500068,75.81790411391847,1,367.0,367.0,307.07,307.07,8.1,8.1,0.0,1.7166865371838178,1,1,Agricultural Fire,0.807428168541149,0.19257183145885068,0.807428168541149,80.74
250,partial_178,partially_burnt,31.314882208000057,75.81879547745947,1,367.0,367.0,307.07,307.07,8.1,8.1,0.0,1.8097019609147256,1,1,Agricultural Fire,0.807428168541149,0.19257183145885068,0.807428168541149,80.74
251,partial_179,partially_burnt,31.314820993500035,75.81931290878748,2,349.075,367.0,302.505,307.07,4.825,8.1,0.0,1.853936696349846,1,1,Agricultural Fire,0.8114822823480288,0.18851771765197092,0.8114822823480288,81.15
252,partial_180,partially_burnt,31.31505504450007,75.8190486561416,2,349.075,367.0,302.505,307.07,4.825,8.1,0.0,1.8388023210911573,1,1,Agricultural Fire,0.8114822823480288,0.18851771765197092,0.8114822823480288,81.15
253,partial_181,partially_burnt,31.306168010500045,75.85043986621065,6,338.985,344.54,308.2683333333333,317.39,4.138333333333334,5.53,0.0,0.530020644498018,1,1,Agricultural Fire,0.7795487072113723,0.22045129278862746,0.7795487072113723,77.95
254,partial_182,partially_burnt,31.31662479500005,75.81521251645583,3,348.4266666666667,367.0,303.7133333333333,307.07,6.653333333333333,8.1,0.0,1.581062740101123,1,1,Agricultural Fire,0.7925433360664618,0.20745666393353798,0.7925433360664618,79.25
255,partial_183,partially_burnt,31.310056612500063,75.81768182731244,1,367.0,367.0,307.07,307.07,8.1,8.1,0.0,1.602279524311428,1,1,Agricultural Fire,0.8040948352078157,0.195905164792184,0.8040948352078157,80.41
256,partial_184,partially_burnt,31.30887442250005,75.81709669873156,3,349.7966666666667,367.0,300.17,307.07,6.793333333333333,8.1,0.0,1.54679113375403,1,1,Agricultural Fire,0.7798721011100191,0.22012789888998058,0.7798721011100191,77.99
257,partial_185,partially_burnt,31.309344846000045,75.81970144183182,4,347.9325,367.0,307.2625,317.39,5.835000000000001,8.1,0.0,1.792878739614102,1,1,Agricultural Fire,0.7287582144045394,0.2712417855954601,0.7287582144045394,72.88
258,partial_186,partially_burnt,31.30936064650004,75.81901381652483,3,349.06333333333333,367.0,303.8866666666666,316.5,5.936666666666667,8.1,0.0,1.7275415976373936,1,1,Agricultural Fire,0.7599207230173062,0.24007927698269352,0.7599207230173062,75.99
259,partial_187,partially_burnt,31.308784803000066,75.81995018422731,4,347.9325,367.0,307.2625,317.39,5.835000000000001,8.1,0.0,1.758754272825671,1,1,Agricultural Fire,0.7287582144045394,0.2712417855954601,0.7287582144045394,72.88
260,partial_188,partially_burnt,31.30881761400005,75.81921748926288,4,347.9325,367.0,307.2625,317.39,5.835000000000001,8.1,0.0,1.7483587410454031,1,1,Agricultural Fire,0.7287582144045394,0.2712417855954601,0.7287582144045394,72.88
261,partial_189,partially_burnt,31.311030592000066,75.81861707385485,2,355.375,367.0,311.785,316.5,6.815,8.1,0.0,1.6986792693182164,1,1,Agricultural Fire,0.816235573389953,0.1837644266100465,0.816235573389953,81.62
262,partial_190,partially_burnt,31.31104590350006,75.81813027902459,1,367.0,367.0,307.07,307.07,8.1,8.1,0.0,1.6528613947343087,1,1,Agricultural Fire,0.8040948352078157,0.195905164792184,0.8040948352078157,80.41
263,unburnt_1,unburnt,31.373989988000066,75.75923572296821,3,332.81,335.34,294.7666666666667,298.4,4.8500000000000005,7.72,0.0,1.1106607323642326,0,1,Agricultural Fire,0.7121630416786443,0.2878369583213552,0.7121630416786443,71.22
264,unburnt_2,unburnt,31.369132069000045,75.75976813449964,5,336.148,356.24,296.574,302.0,5.616,7.72,0.0,1.5270209309741452,0,1,Agricultural Fire,0.5908853523038345,0.4091146476961646,0.5908853523038345,59.09
265,unburnt_3,unburnt,31.36663032100006,75.76143592352227,5,331.968,335.34,296.136,302.0,4.598,7.72,0.0,1.4244956041122818,0,1,Agricultural Fire,0.5856487346155114,0.4143512653844878,0.5856487346155114,58.56
266,unburnt_4,unburnt,31.365466970000057,75.76048196833153,5,336.148,356.24,296.574,302.0,5.616,7.72,0.0,1.2692167728025645,0,1,Agricultural Fire,0.5575005081299534,0.44249949187004584,0.5575005081299534,55.75
267,unburnt_5,unburnt,31.364008659000064,75.759115901815,8,336.86125000000004,356.24,298.35875000000004,305.58,5.44,7.87,0.0,1.0697417298744705,0,0,Non-Agricultural Fire,0.4732815388448471,0.5267184611551533,0.5267184611551533,52.67
268,unburnt_6,unburnt,31.36761635350004,75.75401924625007,9,336.3877777777778,356.24,298.8755555555556,305.58,5.176666666666666,7.87,0.0,1.053881125606264,0,0,Non-Agricultural Fire,0.46757892671612306,0.5324210732838776,0.5324210732838776,53.24
269,unburnt_7,unburnt,31.42901371750005,75.52236213071863,18,339.71,367.0,304.1683333333333,312.19,4.722777777777777,11.31,0.0,0.4525186710717184,0,1,Agricultural Fire,0.6366204660070323,0.36337953399296696,0.6366204660070323,63.66
270,unburnt_8,unburnt,31.431149308000045,75.52238083310993,21,339.2633333333333,367.0,304.0352380952381,312.19,4.515714285714286,11.31,0.0,0.4216755701398966,0,1,Agricultural Fire,0.6350622691395951,0.3649377308604043,0.6350622691395951,63.51
271,unburnt_9,unburnt,31.431735763500058,75.52218011792591,21,339.2633333333333,367.0,304.0352380952381,312.19,4.515714285714286,11.31,0.0,0.4173694319728913,0,1,Agricultural Fire,0.6290282792548841,0.3709717207451151,0.6290282792548841,62.9
272,unburnt_10,unburnt,31.43173261700005,75.52253031533428,21,339.2633333333333,367.0,304.0352380952381,312.19,4.515714285714286,11.31,0.0,0.4491059552641209,0,1,Agricultural Fire,0.6350388863038948,0.36496111369610457,0.6350388863038948,63.5
273,unburnt_11,unburnt,31.432282624000067,75.52236358974719,20,338.98,367.0,304.1465,312.19,4.513,11.31,0.0,0.455147721743827,0,1,Agricultural Fire,0.6213496869704076,0.37865031302959173,0.6213496869704076,62.13
274,unburnt_12,unburnt,31.432709661000047,75.52857292226952,20,338.975,367.0,304.40099999999995,312.19,4.6835,11.34,0.0,0.6403662058181541,0,1,Agricultural Fire,0.6058915896331618,0.3941084103668375,0.6058915896331618,60.59
275,unburnt_13,unburnt,31.432198864500062,75.5301133384352,22,339.4109090909091,367.0,304.18136363636364,312.19,4.76409090909091,11.34,0.0,0.4869563659923916,0,1,Agricultural Fire,0.6027018709063238,0.39729812909367546,0.6027018709063238,60.27
276,unburnt_14,unburnt,31.42625318200004,75.53224508915474,18,340.02944444444444,367.0,304.24388888888893,312.19,4.528333333333332,11.31,0.0,0.1373591094116345,0,1,Agricultural Fire,0.5237602264815566,0.47623977351844343,0.5237602264815566,52.38
277,unburnt_15,unburnt,31.42258321400004,75.52728776851288,16,340.44437500000004,367.0,303.95000000000005,312.19,4.72625,11.31,0.0,0.294632488004348,0,1,Agricultural Fire,0.6401643971164446,0.3598356028835548,0.6401643971164446,64.02
278,unburnt_16,unburnt,31.423092413500058,75.52657811799081,17,339.8717647058824,367.0,303.99941176470594,312.19,4.565882352941177,11.31,0.0,0.3759269191878879,0,1,Agricultural Fire,0.6267772597014238,0.37322274029857544,0.6267772597014238,62.68
279,unburnt_17,unburnt,31.42351270200004,75.52516965350748,17,339.8717647058824,367.0,303.99941176470594,312.19,4.565882352941177,11.31,0.0,0.4540794682408107,0,1,Agricultural Fire,0.6333313872100975,0.36666861278990187,0.6333313872100975,63.33
280,unburnt_18,unburnt,31.28629544650005,75.4803020935241,0,0.0,0.0,0.0,0.0,0.0,0.0,0.0,2.0,0,0,Non-Agricultural Fire,0.3858206706362336,0.6141793293637673,0.6141793293637673,61.42
281,unburnt_19,unburnt,31.28522157200004,75.48007781061463,0,0.0,0.0,0.0,0.0,0.0,0.0,0.0,2.0,0,0,Non-Agricultural Fire,0.3858206706362336,0.6141793293637673,0.6141793293637673,61.42
282,unburnt_20,unburnt,31.28222432800004,75.47804227674908,0,0.0,0.0,0.0,0.0,0.0,0.0,0.0,2.0,0,0,Non-Agricultural Fire,0.3858206706362336,0.6141793293637673,0.6141793293637673,61.42
283,unburnt_21,unburnt,31.28486572850005,75.47758351400293,0,0.0,0.0,0.0,0.0,0.0,0.0,0.0,2.0,0,0,Non-Agricultural Fire,0.3858206706362336,0.6141793293637673,0.6141793293637673,61.42
284,unburnt_22,unburnt,31.42500210600005,75.52232387840158,17,339.8717647058824,367.0,303.99941176470594,312.19,4.565882352941177,11.31,0.0,0.5756884768191564,0,1,Agricultural Fire,0.5768483167604539,0.42315168323954583,0.5768483167604539,57.68
285,unburnt_23,unburnt,31.319653277000043,75.81392982030415,2,349.665,367.0,302.895,307.07,5.93,8.1,0.0,1.682498695992383,0,1,Agricultural Fire,0.790853634527929,0.20914636547207077,0.790853634527929,79.09
286,unburnt_24,unburnt,31.31819272200005,75.81670554779575,2,349.665,367.0,302.895,307.07,5.93,8.1,0.0,1.7931061441566634,0,1,Agricultural Fire,0.7941869678612624,0.20581303213873745,0.7941869678612624,79.42
287,unburnt_25,unburnt,31.31888930350007,75.81514177572484,2,349.665,367.0,302.895,307.07,5.93,8.1,0.0,1.7162330262934755,0,1,Agricultural Fire,0.7941869678612624,0.20581303213873745,0.7941869678612624,79.42
288,unburnt_26,unburnt,31.313497772000066,75.8187474642387,1,367.0,367.0,307.07,307.07,8.1,8.1,0.0,1.7600924625973926,0,1,Agricultural Fire,0.807428168541149,0.19257183145885068,0.807428168541149,80.74
289,unburnt_27,unburnt,31.42956804450003,75.55813011942318,7,337.5857142857143,340.22,306.1742857142857,309.29,3.1328571428571435,4.32,0.0,0.5388110770875553,0,1,Agricultural Fire,0.730276999918736,0.2697230000812639,0.730276999918736,73.03
290,unburnt_28,unburnt,31.43003392950007,75.562641517276,8,337.98625,340.22,306.24,309.29,3.13875,4.32,0.0,0.6692462022738721,0,1,Agricultural Fire,0.7619662838624671,0.23803371613753252,0.7619662838624671,76.2
291,unburnt_29,unburnt,31.303331988000053,75.84973522861978,8,337.8275,344.54,305.96375,317.39,4.005,5.53,0.0,0.4672398914788067,0,1,Agricultural Fire,0.7714797135470707,0.228520286452929,0.7714797135470707,77.15
292,unburnt_30,unburnt,31.308100300000063,75.8477944691429,6,338.985,344.54,308.2683333333333,317.39,4.138333333333334,5.53,0.0,0.4505557413762545,0,1,Agricultural Fire,0.7820653766640198,0.21793462333597988,0.7820653766640198,78.21
293,unburnt_31,unburnt,31.30107826400004,75.8455613672076,8,337.8275,344.54,305.96375,317.39,4.005,5.53,0.0,0.4116302779689526,0,1,Agricultural Fire,0.7639334565182012,0.23606654348179834,0.7639334565182012,76.39
294,unburnt_32,unburnt,31.30146428150005,75.84305346228183,7,337.9414285714286,344.54,306.9185714285714,317.39,4.111428571428572,5.53,0.0,0.4153008080931118,0,1,Agricultural Fire,0.7613646491787517,0.2386353508212479,0.7613646491787517,76.14
295,unburnt_33,unburnt,31.302935489500044,75.84070142736215,6,338.985,344.54,308.2683333333333,317.39,4.138333333333334,5.53,0.0,0.2968490700616227,0,1,Agricultural Fire,0.7736140001686167,0.2263859998313829,0.7736140001686167,77.36
296,unburnt_34,unburnt,31.30423720500005,75.84104677839215,6,338.985,344.54,308.2683333333333,317.39,4.138333333333334,5.53,0.0,0.1862266332085184,0,1,Agricultural Fire,0.7579161618314345,0.24208383816856507,0.7579161618314345,75.79
297,unburnt_35,unburnt,31.30375473000004,75.84257757996812,6,338.985,344.54,308.2683333333333,317.39,4.138333333333334,5.53,0.0,0.2652968736655772,0,1,Agricultural Fire,0.7696157201430395,0.23038427985696014,0.7696157201430395,76.96
298,unburnt_36,unburnt,31.30277608600005,75.8389269672017,6,338.985,344.54,308.2683333333333,317.39,4.138333333333334,5.53,0.0,0.2771993024080839,0,1,Agricultural Fire,0.7696157201430395,0.23038427985696014,0.7696157201430395,76.96
299,unburnt_37,unburnt,31.30284942300005,75.8375034017644,6,338.985,344.54,308.2683333333333,317.39,4.138333333333334,5.53,0.0,0.1803185780541706,0,1,Agricultural Fire,0.7579161618314345,0.24208383816856507,0.7579161618314345,75.79
300,unburnt_38,unburnt,31.304211806500064,75.83554447850592,5,340.04200000000003,344.54,309.824,317.39,4.096,5.53,0.0,0.3090824170635785,0,1,Agricultural Fire,0.7881617760436256,0.21183822395637422,0.7881617760436256,78.82
301,unburnt_39,unburnt,31.303849033500057,75.83350211978089,5,340.04200000000003,344.54,309.824,317.39,4.096,5.53,0.0,0.3772234973901623,0,1,Agricultural Fire,0.7890668955101593,0.21093310448984054,0.7890668955101593,78.91
302,unburnt_40,unburnt,31.304606750500056,75.83386951431243,5,340.04200000000003,344.54,309.824,317.39,4.096,5.53,0.0,0.4181458571597142,0,1,Agricultural Fire,0.7890668955101593,0.21093310448984054,0.7890668955101593,78.91
303,unburnt_41,unburnt,31.303804736000075,75.83452605216524,5,340.04200000000003,344.54,309.824,317.39,4.096,5.53,0.0,0.3093169509922623,0,1,Agricultural Fire,0.7881617760436256,0.21183822395637422,0.7881617760436256,78.82
304,unburnt_42,unburnt,31.30326610900008,75.83138429640204,6,339.44166666666666,344.54,306.20166666666665,317.39,4.11,5.53,0.0,0.5141544343922939,0,1,Agricultural Fire,0.7813507873267054,0.21864921267329432,0.7813507873267054,78.14
305,unburnt_43,unburnt,31.31011644350005,75.82055938602626,3,351.7633333333333,367.0,313.65333333333336,317.39,6.386666666666667,8.1,0.0,1.7822598153899656,0,1,Agricultural Fire,0.8107005304960712,0.18929946950392842,0.8107005304960712,81.07
306,unburnt_44,unburnt,31.308449081500044,75.812403651789,4,345.43,367.0,299.8075,307.07,6.035,8.1,0.0,1.1053700281964576,0,0,Non-Agricultural Fire,0.43652088317623355,0.5634791168237673,0.5634791168237673,56.35
307,unburnt_45,unburnt,31.316284010500056,75.81136464651217,3,348.4266666666667,367.0,303.7133333333333,307.07,6.653333333333333,8.1,0.0,1.2552433998916055,0,1,Agricultural Fire,0.7783929884831593,0.22160701151684042,0.7783929884831593,77.84
308,unburnt_46,unburnt,31.31570273850005,75.8120042006868,3,348.4266666666667,367.0,303.7133333333333,307.07,6.653333333333333,8.1,0.0,1.2677438997615678,0,1,Agricultural Fire,0.7783929884831593,0.22160701151684042,0.7783929884831593,77.84
309,unburnt_47,unburnt,31.316471342000057,75.81377311517033,3,348.4266666666667,367.0,303.7133333333333,307.07,6.653333333333333,8.1,0.0,1.4553140774880886,0,1,Agricultural Fire,0.7939696703343508,0.20603032966564883,0.7939696703343508,79.4
310,unburnt_48,unburnt,31.31677121900006,75.81247198912604,3,348.4266666666667,367.0,303.7133333333333,307.07,6.653333333333333,8.1,0.0,1.371962431945038,0,1,Agricultural Fire,0.7873030036676842,0.21269699633231548,0.7873030036676842,78.73
311,unburnt_49,unburnt,31.31315193600005,75.81495865388663,3,348.4266666666667,367.0,303.7133333333333,307.07,6.653333333333333,8.1,0.0,1.4032754406822583,0,1,Agricultural Fire,0.7873030036676842,0.21269699633231548,0.7873030036676842,78.73
312,unburnt_50,unburnt,31.19869176000006,75.65587697650096,6,336.74,343.91,305.8833333333333,317.56,3.688333333333333,6.98,0.0,0.2891482835005577,0,1,Agricultural Fire,0.7896633764454064,0.21033662355459332,0.7896633764454064,78.97
313,unburnt_51,unburnt,31.20107372800004,75.64545780700004,6,337.9766666666667,343.91,307.3533333333333,317.56,4.0200000000000005,6.98,0.0,0.8550486298318981,0,1,Agricultural Fire,0.8376865222222886,0.16231347777771105,0.8376865222222886,83.77
314,unburnt_52,unburnt,31.19267579050006,75.63172375688059,6,340.27833333333336,343.84,304.2266666666667,311.04,5.21,6.98,0.0,0.6825144917263942,0,1,Agricultural Fire,0.6311437569711922,0.3688562430288074,0.6311437569711922,63.11
315,unburnt_53,unburnt,31.19216856300005,75.62782826400004,9,340.18333333333334,346.2,304.6333333333333,312.97,5.265555555555555,9.53,0.0,0.8087528909831004,0,1,Agricultural Fire,0.6376750986157753,0.3623249013842242,0.6376750986157753,63.77
316,unburnt_54,unburnt,31.195221377500047,75.6279233872041,6,339.50333333333333,343.84,302.1566666666667,311.04,5.278333333333333,6.98,0.0,0.75096108352574,0,1,Agricultural Fire,0.7250948052634434,0.2749051947365561,0.7250948052634434,72.51
317,unburnt_55,unburnt,31.193790156500057,75.61679106947159,7,339.0442857142857,346.2,303.83714285714285,312.97,5.734285714285714,9.53,0.0,0.2462328276159454,0,1,Agricultural Fire,0.7470447136062183,0.2529552863937813,0.7470447136062183,74.7
318,unburnt_56,unburnt,31.189978048000057,75.62183242425004,10,340.682,346.2,304.967,312.97,5.234,9.53,0.0,0.2412944230668167,0,1,Agricultural Fire,0.5623987815770878,0.4376012184229117,0.5623987815770878,56.24
319,unburnt_57,unburnt,31.186246624500058,75.62110190956543,8,341.1075,346.2,306.78125,312.97,5.404999999999999,9.53,0.0,0.528233186930359,0,1,Agricultural Fire,0.7472940161533184,0.2527059838466813,0.7472940161533184,74.73
320,unburnt_58,unburnt,31.18648813550004,75.62593357315401,9,341.0955555555556,346.2,306.06,312.97,5.308888888888889,9.53,0.0,0.7782491233886006,0,1,Agricultural Fire,0.782119135491495,0.21788086450850472,0.782119135491495,78.21
321,unburnt_59,unburnt,31.174446434000032,75.62489479650233,5,342.726,346.2,309.554,312.97,5.358,9.53,0.0,0.0617037803395786,0,1,Agricultural Fire,0.71258370665807,0.2874162933419296,0.71258370665807,71.26
322,unburnt_60,unburnt,31.171275011000063,75.62741343381552,4,342.45000000000005,346.2,309.1825,312.97,5.1675,9.53,0.0,0.3427411368707308,0,1,Agricultural Fire,0.7079413144380226,0.29205868556197684,0.7079413144380226,70.79
323,unburnt_61,unburnt,31.171451722000057,75.62794736450007,4,342.45000000000005,346.2,309.1825,312.97,5.1675,9.53,0.0,0.3432897047471453,0,1,Agricultural Fire,0.7079413144380226,0.29205868556197684,0.7079413144380226,70.79
324,unburnt_62,unburnt,31.16830276750005,75.63325833284082,4,340.285,345.17,308.37,309.72,3.4225000000000003,4.95,0.0,0.8725796220243175,0,1,Agricultural Fire,0.7426069811884483,0.25739301881155124,0.7426069811884483,74.26
325,unburnt_63,unburnt,31.17385826000006,75.63621946682233,4,338.89750000000004,345.17,306.615,308.01,3.4400000000000004,4.95,0.0,0.6596444084056714,0,1,Agricultural Fire,0.7635555495804104,0.23644445041958911,0.7635555495804104,76.36
326,unburnt_64,unburnt,31.18145997750005,75.64524345015181,7,340.4071428571429,345.42,307.09857142857146,317.56,5.482857142857142,9.81,0.0,1.5056342530587368,0,1,Agricultural Fire,0.8301214131910535,0.16987858680894616,0.8301214131910535,83.01
327,unburnt_65,unburnt,31.183112158000057,75.63908336002558,5,340.39000000000004,345.17,304.992,308.01,4.532,6.98,0.0,1.2420763491720843,0,1,Agricultural Fire,0.5696808425359279,0.4303191574640714,0.5696808425359279,56.97
328,unburnt_66,unburnt,31.18861736200006,75.64578941751391,4,341.92,345.42,308.0575,317.56,6.695,9.81,0.0,1.1918953523228892,0,1,Agricultural Fire,0.7351620524361262,0.2648379475638732,0.7351620524361262,73.52
329,unburnt_67,unburnt,31.210458848500053,75.63086397022894,6,340.46333333333337,346.24,303.81166666666667,313.57,5.241666666666666,6.98,0.0,0.6630283857352709,0,1,Agricultural Fire,0.6472912605277334,0.35270873947226594,0.6472912605277334,64.73
330,unburnt_68,unburnt,31.20258636400004,75.59954032790654,9,336.4011111111111,342.77,304.34222222222223,314.71,5.572222222222222,9.97,0.0,0.7639601274379426,0,1,Agricultural Fire,0.69278412087548,0.30721587912451936,0.69278412087548,69.28
331,unburnt_69,unburnt,31.20243397100006,75.59621976109128,10,336.017,342.77,304.052,314.71,5.337999999999999,9.97,0.0,0.6765232648570035,0,1,Agricultural Fire,0.6339183872814421,0.3660816127185574,0.6339183872814421,63.39
332,unburnt_70,unburnt,31.201191687500057,75.59257748781062,12,335.65916666666664,342.77,303.37583333333333,314.71,4.963333333333333,9.97,0.0,0.6346046570815774,0,1,Agricultural Fire,0.7215587215924102,0.27844127840758937,0.7215587215924102,72.16
333,unburnt_71,unburnt,31.19619140450004,75.58776886792916,13,336.4707692307693,344.91,303.9523076923077,314.71,3.97,6.31,0.0,0.5212095915063564,0,1,Agricultural Fire,0.7313651322485323,0.26863486775146733,0.7313651322485323,73.14
334,unburnt_72,unburnt,31.19553722750004,75.58882505274678,12,336.80916666666667,344.91,304.6358333333333,314.71,4.064166666666666,6.31,0.0,0.5974963972027546,0,1,Agricultural Fire,0.6619696573889883,0.3380303426110111,0.6619696573889883,66.2
335,unburnt_73,unburnt,31.19497580500004,75.59060628101034,13,336.59615384615387,344.91,303.9223076923077,314.71,4.009230769230769,6.31,0.0,0.4182549816031483,0,1,Agricultural Fire,0.7245144784831358,0.27548552151686384,0.7245144784831358,72.45
336,unburnt_74,unburnt,31.19475052150005,75.60148522490258,7,338.2185714285714,343.84,305.5842857142857,314.71,4.681428571428571,6.12,0.0,0.5359377968494555,0,1,Agricultural Fire,0.773473946555555,0.22652605344444468,0.773473946555555,77.35
337,unburnt_75,unburnt,31.19650041300005,75.6044273996735,7,338.2185714285714,343.84,305.5842857142857,314.71,4.681428571428571,6.12,0.0,0.7456853643391808,0,1,Agricultural Fire,0.8244690992127084,0.17553090078729122,0.8244690992127084,82.45
338,unburnt_76,unburnt,31.198880291500046,75.64401292654354,5,338.96400000000006,343.91,307.23,317.56,4.564,6.98,0.0,0.649981725029984,0,1,Agricultural Fire,0.8353293419369056,0.1646706580630945,0.8353293419369056,83.53
339,unburnt_77,unburnt,31.19598791100003,75.62014622724911,7,340.46,346.2,303.7014285714285,312.97,5.885714285714286,9.53,0.0,0.156461636225196,0,1,Agricultural Fire,0.6948605402408037,0.305139459759196,0.6948605402408037,69.49
340,unburnt_78,unburnt,31.20046329500005,75.65199498446377,7,337.2085714285714,343.91,306.9814285714286,317.56,3.7342857142857135,6.98,0.0,0.4049357123796174,0,1,Agricultural Fire,0.7761644497655326,0.2238355502344672,0.7761644497655326,77.62
341,unburnt_79,unburnt,31.201278029000065,75.65463620012478,8,338.4825,347.4,307.92499999999995,317.56,4.23,7.7,0.0,0.4810996462559466,0,1,Agricultural Fire,0.7991931995901066,0.20080680040989315,0.7991931995901066,79.92
342,unburnt_80,unburnt,31.18809172850004,75.63755581859184,8,341.69125,345.17,307.97125,317.56,5.043749999999999,6.98,0.0,1.088722286054182,0,1,Agricultural Fire,0.7086331596176236,0.2913668403823759,0.7086331596176236,70.86
343,unburnt_81,unburnt,31.18703570200003,75.63558705901733,7,341.3742857142857,345.17,306.6014285714286,311.04,4.985714285714287,6.98,0.0,1.216535882086227,0,1,Agricultural Fire,0.7414660024640068,0.25853399753599277,0.7414660024640068,74.15
344,unburnt_82,unburnt,31.18576089100005,75.63835877819724,7,341.38428571428574,345.17,307.65142857142854,317.56,4.890000000000001,6.98,0.0,1.35148463171278,0,1,Agricultural Fire,0.7397085699900053,0.26029143000999405,0.7397085699900053,73.97
345,unburnt_83,unburnt,31.186517287000044,75.63743819308564,7,341.38428571428574,345.17,307.65142857142854,317.56,4.890000000000001,6.98,0.0,1.2635656381703857,0,1,Agricultural Fire,0.7397085699900053,0.26029143000999405,0.7397085699900053,73.97
346,unburnt_84,unburnt,31.206290511500043,75.63104503847131,7,340.94571428571425,346.24,304.7257142857143,313.57,5.367142857142858,6.98,0.0,0.8678021504453929,0,1,Agricultural Fire,0.5829143010547297,0.4170856989452695,0.5829143010547297,58.29
347,unburnt_85,unburnt,31.20233754100005,75.60397014561588,10,337.92999999999995,343.84,304.033,314.71,5.726999999999999,9.97,0.0,0.9968325450846413,0,1,Agricultural Fire,0.5948205053977966,0.40517949460220276,0.5948205053977966,59.48
348,unburnt_86,unburnt,31.20818760900005,75.63751806243664,7,340.9557142857143,346.24,305.7757142857143,317.56,5.271428571428572,6.98,0.0,0.383167281766275,0,1,Agricultural Fire,0.7427029013467981,0.25729709865320155,0.7427029013467981,74.27
349,unburnt_87,unburnt,31.201316990000063,75.6017977043247,9,337.1455555555556,343.84,304.22333333333336,314.71,5.807777777777777,9.97,0.0,0.769125158660842,0,1,Agricultural Fire,0.6860573943089467,0.3139426056910526,0.6860573943089467,68.61
350,unburnt_88,unburnt,31.316922541000054,75.81900270615185,2,349.075,367.0,302.505,307.07,4.825,8.1,0.0,1.8946659838594448,0,1,Agricultural Fire,0.8064046867837374,0.19359531321626233,0.8064046867837374,80.64
351,unburnt_89,unburnt,31.31675241450003,75.81772442566852,1,367.0,367.0,307.07,307.07,8.1,8.1,0.0,1.7976538870946608,0,1,Agricultural Fire,0.807428168541149,0.19257183145885068,0.807428168541149,80.74
352,unburnt_90,unburnt,31.31029409950005,75.81628027800897,3,348.4266666666667,367.0,303.7133333333333,307.07,6.653333333333333,8.1,0.0,1.4706575809218496,0,1,Agricultural Fire,0.7939696703343508,0.20603032966564883,0.7939696703343508,79.4
353,unburnt_91,unburnt,31.37321869600004,75.75265998430933,4,338.7325,356.24,298.0175,305.58,6.8775,7.87,0.0,0.793150568248428,0,1,Agricultural Fire,0.6068225083312437,0.39317749166875526,0.6068225083312437,60.68
354,unburnt_92,unburnt,31.36410578300004,75.75288721605891,10,337.41400000000004,356.24,298.81100000000004,305.58,5.004,7.87,0.0,0.7544896647585805,0,1,Agricultural Fire,0.6409386999555425,0.35906130004445647,0.6409386999555425,64.09
355,unburnt_93,unburnt,31.31389301750005,75.82595783951696,3,339.81333333333333,344.54,310.61,317.39,4.203333333333333,5.53,0.0,1.558367708912252,0,1,Agricultural Fire,0.8374104677165632,0.16258953228343626,0.8374104677165632,83.74
356,unburnt_94,unburnt,31.19134490550005,75.62010830735616,10,340.682,346.2,304.967,312.97,5.234,9.53,0.0,0.08590176474328,0,1,Agricultural Fire,0.5179718089902797,0.48202819100972033,0.5179718089902797,51.8
357,unburnt_95,unburnt,31.191281346000068,75.61734567935264,7,340.28000000000003,346.2,304.8042857142857,312.97,5.701428571428571,9.53,0.0,0.2102421344661273,0,1,Agricultural Fire,0.6525757767074161,0.3474242232925834,0.6525757767074161,65.26
